,SubjectID,SampleID,FilePath_Wildcard,ReadNumber,visit_id,Batch,Barcode,rand_patient_id,visit_id,interval,,DCC_VISIT_IDS,sample_name_id,host_seq_prep_name_id,host_transcriptomics_id,MD5SumCMD,SHA256CMD,VISIT_OSDF_ID,SAMPLE_OSDF_ID,FileName,SIZE,,sha,md5,,FilePath
echo '/srv/gsfs0/projects/iPoP/RNAseq/FASTQ/WZ03/P*/SCGPM_WZ03-P13_*_TCCGCGAA_R2.fastq.gz|' ; find /srv/gsfs0/projects/iPoP/RNAseq/FASTQ/WZ03/P*/SCGPM_WZ03-P13_*_TCCGCGAA_R2.fastq.gz -print,69-002,69-002-02,/srv/gsfs0/projects/iPoP/RNAseq/FASTQ/WZ03/P*/SCGPM_WZ03-P13_*_TCCGCGAA_R2.fastq.gz,2,2,#N/A,TCCGCGAA,ZOWPMZ7,ZOWPMZ7-02,#N/A,echo '/srv/gsfs0/projects/iPoP/RNAseq/FASTQ/WZ03/P*/SCGPM_WZ03-P13_*_TCCGCGAA_R2.fastq.gz|' ; find /srv/gsfs0/projects/iPoP/RNAseq/FASTQ/WZ03/P*/SCGPM_WZ03-P13_*_TCCGCGAA_R2.fastq.gz -print,#N/A,ZOWPMZ7-02-Plasma,ZOWPMZ7-02-Plasma.hostseqprep,ZOWPMZ7-02-TCCGCGAA-R2-Plasma,/srv/gsfs0/projects/iPoP/RNAseq/FASTQ/WZ03/P*/SCGPM_WZ03-P13_*_TCCGCGAA_R2.fastq.gz,sha256sum /srv/gsfs0/projects/iPoP/RNAseq/FASTQ/WZ03/P*/SCGPM_WZ03-P13_*_TCCGCGAA_R2.fastq.gz,#N/A,#N/A,SCGPM_WZ03-P13_*_TCCGCGAA_R2.fastq.gz,4882880,echo '/srv/gsfs0/projects/iPoP/RNAseq/FASTQ/WZ03/P*/SCGPM_WZ03-P13_*_TCCGCGAA_R2.fastq.gz|' ; find /srv/gsfs0/projects/iPoP/RNAseq/FASTQ/WZ03/P*/SCGPM_WZ03-P13_*_TCCGCGAA_R2.fastq.gz -print,1ed575b1f9ff617f91a14e5f75d283282c27a9d27b26492a67d96cd42359dabe,6d286aeba1f7bb7eaa3b4866ed06fba7,echo '/srv/gsfs0/projects/iPoP/RNAseq/FASTQ/WZ03/P*/SCGPM_WZ03-P13_*_TCCGCGAA_R2.fastq.gz|' ; find /srv/gsfs0/projects/iPoP/RNAseq/FASTQ/WZ03/P*/SCGPM_WZ03-P13_*_TCCGCGAA_R2.fastq.gz -print,/srv/gsfs0/projects/iPoP/RNAseq/FASTQ/WZ03/P13/SCGPM_WZ03-P13_C995J_L3_TCCGCGAA_R2.fastq.gz,blood,FMA:7842
echo '/srv/gsfs0/projects/iPoP/RNAseq/FASTQ/WZ03/P*/SCGPM_WZ03-P13_*_TCCGCGAA_R1.fastq.gz|' ; find /srv/gsfs0/projects/iPoP/RNAseq/FASTQ/WZ03/P*/SCGPM_WZ03-P13_*_TCCGCGAA_R1.fastq.gz -print,69-002,69-002-02,/srv/gsfs0/projects/iPoP/RNAseq/FASTQ/WZ03/P*/SCGPM_WZ03-P13_*_TCCGCGAA_R1.fastq.gz,1,2,#N/A,TCCGCGAA,ZOWPMZ7,ZOWPMZ7-02,#N/A,echo '/srv/gsfs0/projects/iPoP/RNAseq/FASTQ/WZ03/P*/SCGPM_WZ03-P13_*_TCCGCGAA_R1.fastq.gz|' ; find /srv/gsfs0/projects/iPoP/RNAseq/FASTQ/WZ03/P*/SCGPM_WZ03-P13_*_TCCGCGAA_R1.fastq.gz -print,#N/A,ZOWPMZ7-02-Plasma,ZOWPMZ7-02-Plasma.hostseqprep,ZOWPMZ7-02-TCCGCGAA-R1-Plasma,/srv/gsfs0/projects/iPoP/RNAseq/FASTQ/WZ03/P*/SCGPM_WZ03-P13_*_TCCGCGAA_R1.fastq.gz,sha256sum /srv/gsfs0/projects/iPoP/RNAseq/FASTQ/WZ03/P*/SCGPM_WZ03-P13_*_TCCGCGAA_R1.fastq.gz,#N/A,#N/A,SCGPM_WZ03-P13_*_TCCGCGAA_R1.fastq.gz,4796368,echo '/srv/gsfs0/projects/iPoP/RNAseq/FASTQ/WZ03/P*/SCGPM_WZ03-P13_*_TCCGCGAA_R1.fastq.gz|' ; find /srv/gsfs0/projects/iPoP/RNAseq/FASTQ/WZ03/P*/SCGPM_WZ03-P13_*_TCCGCGAA_R1.fastq.gz -print,545d889dac0ef0f051863aa30ebe951169f58104140248c69cf6e5ac20697382,055ab28a4c901457e907a8874cff4851,echo '/srv/gsfs0/projects/iPoP/RNAseq/FASTQ/WZ03/P*/SCGPM_WZ03-P13_*_TCCGCGAA_R1.fastq.gz|' ; find /srv/gsfs0/projects/iPoP/RNAseq/FASTQ/WZ03/P*/SCGPM_WZ03-P13_*_TCCGCGAA_R1.fastq.gz -print,/srv/gsfs0/projects/iPoP/RNAseq/FASTQ/WZ03/P13/SCGPM_WZ03-P13_C995J_L3_TCCGCGAA_R1.fastq.gz,blood,FMA:7842
echo '/srv/gsfs0/projects/iPoP/RNAseq/FASTQ/WZ09/*/SCGPM_WZ09-P6_*_ATTCAGAA_R2.fastq.gz|' ; find /srv/gsfs0/projects/iPoP/RNAseq/FASTQ/WZ09/*/SCGPM_WZ09-P6_*_ATTCAGAA_R2.fastq.gz -print,70-1010,70-1010-6014,/srv/gsfs0/projects/iPoP/RNAseq/FASTQ/WZ09/*/SCGPM_WZ09-P6_*_ATTCAGAA_R2.fastq.gz,2,6014,#N/A,ATTCAGAA,ZKFV71L,ZKFV71L-6014,#N/A,echo '/srv/gsfs0/projects/iPoP/RNAseq/FASTQ/WZ09/*/SCGPM_WZ09-P6_*_ATTCAGAA_R2.fastq.gz|' ; find /srv/gsfs0/projects/iPoP/RNAseq/FASTQ/WZ09/*/SCGPM_WZ09-P6_*_ATTCAGAA_R2.fastq.gz -print,#N/A,ZKFV71L-6014-Plasma,ZKFV71L-6014-Plasma.hostseqprep,ZKFV71L-6014-ATTCAGAA-R2-Plasma,/srv/gsfs0/projects/iPoP/RNAseq/FASTQ/WZ09/*/SCGPM_WZ09-P6_*_ATTCAGAA_R2.fastq.gz,sha256sum /srv/gsfs0/projects/iPoP/RNAseq/FASTQ/WZ09/*/SCGPM_WZ09-P6_*_ATTCAGAA_R2.fastq.gz,#N/A,#N/A,SCGPM_WZ09-P6_*_ATTCAGAA_R2.fastq.gz,3895632,echo '/srv/gsfs0/projects/iPoP/RNAseq/FASTQ/WZ09/*/SCGPM_WZ09-P6_*_ATTCAGAA_R2.fastq.gz|' ; find /srv/gsfs0/projects/iPoP/RNAseq/FASTQ/WZ09/*/SCGPM_WZ09-P6_*_ATTCAGAA_R2.fastq.gz -print,d9b5720df99eadc2e180a8aac79260084bc12f2bba8a8f94ce0ad9d44f7f7315,be843e4fb271af7a255dab5e475cc7bf,echo '/srv/gsfs0/projects/iPoP/RNAseq/FASTQ/WZ09/*/SCGPM_WZ09-P6_*_ATTCAGAA_R2.fastq.gz|' ; find /srv/gsfs0/projects/iPoP/RNAseq/FASTQ/WZ09/*/SCGPM_WZ09-P6_*_ATTCAGAA_R2.fastq.gz -print,/srv/gsfs0/projects/iPoP/RNAseq/FASTQ/WZ09/P6/SCGPM_WZ09-P6_CAW2F_L6_ATTCAGAA_R2.fastq.gz,blood,FMA:7842
echo '/srv/gsfs0/projects/iPoP/RNAseq/FASTQ/WZ09/*/SCGPM_WZ09-P6_*_ATTCAGAA_R1.fastq.gz|' ; find /srv/gsfs0/projects/iPoP/RNAseq/FASTQ/WZ09/*/SCGPM_WZ09-P6_*_ATTCAGAA_R1.fastq.gz -print,70-1010,70-1010-6014,/srv/gsfs0/projects/iPoP/RNAseq/FASTQ/WZ09/*/SCGPM_WZ09-P6_*_ATTCAGAA_R1.fastq.gz,1,6014,#N/A,ATTCAGAA,ZKFV71L,ZKFV71L-6014,#N/A,echo '/srv/gsfs0/projects/iPoP/RNAseq/FASTQ/WZ09/*/SCGPM_WZ09-P6_*_ATTCAGAA_R1.fastq.gz|' ; find /srv/gsfs0/projects/iPoP/RNAseq/FASTQ/WZ09/*/SCGPM_WZ09-P6_*_ATTCAGAA_R1.fastq.gz -print,#N/A,ZKFV71L-6014-Plasma,ZKFV71L-6014-Plasma.hostseqprep,ZKFV71L-6014-ATTCAGAA-R1-Plasma,/srv/gsfs0/projects/iPoP/RNAseq/FASTQ/WZ09/*/SCGPM_WZ09-P6_*_ATTCAGAA_R1.fastq.gz,sha256sum /srv/gsfs0/projects/iPoP/RNAseq/FASTQ/WZ09/*/SCGPM_WZ09-P6_*_ATTCAGAA_R1.fastq.gz,#N/A,#N/A,SCGPM_WZ09-P6_*_ATTCAGAA_R1.fastq.gz,3738432,echo '/srv/gsfs0/projects/iPoP/RNAseq/FASTQ/WZ09/*/SCGPM_WZ09-P6_*_ATTCAGAA_R1.fastq.gz|' ; find /srv/gsfs0/projects/iPoP/RNAseq/FASTQ/WZ09/*/SCGPM_WZ09-P6_*_ATTCAGAA_R1.fastq.gz -print,7dfaf77a700bca62f15cba3c5d381358089b2065a10b3347d3320519e60ca3fa,d7d7ecd583d491dc8656334ad332a2a1,echo '/srv/gsfs0/projects/iPoP/RNAseq/FASTQ/WZ09/*/SCGPM_WZ09-P6_*_ATTCAGAA_R1.fastq.gz|' ; find /srv/gsfs0/projects/iPoP/RNAseq/FASTQ/WZ09/*/SCGPM_WZ09-P6_*_ATTCAGAA_R1.fastq.gz -print,/srv/gsfs0/projects/iPoP/RNAseq/FASTQ/WZ09/P6/SCGPM_WZ09-P6_CAW2F_L6_ATTCAGAA_R1.fastq.gz,blood,FMA:7842
echo '/srv/gsfs0/projects/iPoP/RNAseq/FASTQ/*/*/SCGPM_WZ08-P11_*_CTGAAGCT_R2.fastq.gz|' ; find /srv/gsfs0/projects/iPoP/RNAseq/FASTQ/*/*/SCGPM_WZ08-P11_*_CTGAAGCT_R2.fastq.gz -print,69-001,69-001-41,/srv/gsfs0/projects/iPoP/RNAseq/FASTQ/*/*/SCGPM_WZ08-P11_*_CTGAAGCT_R2.fastq.gz,2,41,#N/A,CTGAAGCT,ZOZOW1T,ZOZOW1T-41,811,echo '/srv/gsfs0/projects/iPoP/RNAseq/FASTQ/*/*/SCGPM_WZ08-P11_*_CTGAAGCT_R2.fastq.gz|' ; find /srv/gsfs0/projects/iPoP/RNAseq/FASTQ/*/*/SCGPM_WZ08-P11_*_CTGAAGCT_R2.fastq.gz -print,ZOZOW1T-84_41_811,ZOZOW1T-41-Plasma,ZOZOW1T-41-Plasma.hostseqprep,ZOZOW1T-41-CTGAAGCT-R2-Plasma,/srv/gsfs0/projects/iPoP/RNAseq/FASTQ/*/*/SCGPM_WZ08-P11_*_CTGAAGCT_R2.fastq.gz,sha256sum /srv/gsfs0/projects/iPoP/RNAseq/FASTQ/*/*/SCGPM_WZ08-P11_*_CTGAAGCT_R2.fastq.gz,88af6472fb03642dd5eaf8cddcedbecc,#N/A,SCGPM_WZ08-P11_*_CTGAAGCT_R2.fastq.gz,3716512,echo '/srv/gsfs0/projects/iPoP/RNAseq/FASTQ/*/*/SCGPM_WZ08-P11_*_CTGAAGCT_R2.fastq.gz|' ; find /srv/gsfs0/projects/iPoP/RNAseq/FASTQ/*/*/SCGPM_WZ08-P11_*_CTGAAGCT_R2.fastq.gz -print,ef19825072f6f75abe2624c00777d0fd00f5f8e6ee978e147d9d281de9a92def,329c853cce6c7a4509782f28f1b2a7d7,echo '/srv/gsfs0/projects/iPoP/RNAseq/FASTQ/*/*/SCGPM_WZ08-P11_*_CTGAAGCT_R2.fastq.gz|' ; find /srv/gsfs0/projects/iPoP/RNAseq/FASTQ/*/*/SCGPM_WZ08-P11_*_CTGAAGCT_R2.fastq.gz -print,/srv/gsfs0/projects/iPoP/RNAseq/FASTQ/WZ08/P11/SCGPM_WZ08-P11_CAP8P_L5_CTGAAGCT_R2.fastq.gz,blood,FMA:7842
echo '/srv/gsfs0/projects/iPoP/RNAseq/FASTQ/*/*/SCGPM_WZ08-P11_*_CTGAAGCT_R1.fastq.gz|' ; find /srv/gsfs0/projects/iPoP/RNAseq/FASTQ/*/*/SCGPM_WZ08-P11_*_CTGAAGCT_R1.fastq.gz -print,69-001,69-001-41,/srv/gsfs0/projects/iPoP/RNAseq/FASTQ/*/*/SCGPM_WZ08-P11_*_CTGAAGCT_R1.fastq.gz,1,41,#N/A,CTGAAGCT,ZOZOW1T,ZOZOW1T-41,811,echo '/srv/gsfs0/projects/iPoP/RNAseq/FASTQ/*/*/SCGPM_WZ08-P11_*_CTGAAGCT_R1.fastq.gz|' ; find /srv/gsfs0/projects/iPoP/RNAseq/FASTQ/*/*/SCGPM_WZ08-P11_*_CTGAAGCT_R1.fastq.gz -print,ZOZOW1T-84_41_811,ZOZOW1T-41-Plasma,ZOZOW1T-41-Plasma.hostseqprep,ZOZOW1T-41-CTGAAGCT-R1-Plasma,/srv/gsfs0/projects/iPoP/RNAseq/FASTQ/*/*/SCGPM_WZ08-P11_*_CTGAAGCT_R1.fastq.gz,sha256sum /srv/gsfs0/projects/iPoP/RNAseq/FASTQ/*/*/SCGPM_WZ08-P11_*_CTGAAGCT_R1.fastq.gz,88af6472fb03642dd5eaf8cddcedbecc,#N/A,SCGPM_WZ08-P11_*_CTGAAGCT_R1.fastq.gz,3659456,echo '/srv/gsfs0/projects/iPoP/RNAseq/FASTQ/*/*/SCGPM_WZ08-P11_*_CTGAAGCT_R1.fastq.gz|' ; find /srv/gsfs0/projects/iPoP/RNAseq/FASTQ/*/*/SCGPM_WZ08-P11_*_CTGAAGCT_R1.fastq.gz -print,dc4a26ce7e38e479d69bdbe8fdcee3cd8fcc974294e050524760e9c2ad93169c,b47f0226e716fb6606d30d858c70edc1,echo '/srv/gsfs0/projects/iPoP/RNAseq/FASTQ/*/*/SCGPM_WZ08-P11_*_CTGAAGCT_R1.fastq.gz|' ; find /srv/gsfs0/projects/iPoP/RNAseq/FASTQ/*/*/SCGPM_WZ08-P11_*_CTGAAGCT_R1.fastq.gz -print,/srv/gsfs0/projects/iPoP/RNAseq/FASTQ/WZ08/P11/SCGPM_WZ08-P11_CAP8P_L5_CTGAAGCT_R1.fastq.gz,blood,FMA:7842
echo '/srv/gsfs0/projects/iPoP/RNAseq/FASTQ/*/*/SCGPM_WZ08-P7_*_CGCTCATT_R2.fastq.gz|' ; find /srv/gsfs0/projects/iPoP/RNAseq/FASTQ/*/*/SCGPM_WZ08-P7_*_CGCTCATT_R2.fastq.gz -print,69-001,69-001-51,/srv/gsfs0/projects/iPoP/RNAseq/FASTQ/*/*/SCGPM_WZ08-P7_*_CGCTCATT_R2.fastq.gz,2,51,#N/A,CGCTCATT,ZOZOW1T,ZOZOW1T-51,830,echo '/srv/gsfs0/projects/iPoP/RNAseq/FASTQ/*/*/SCGPM_WZ08-P7_*_CGCTCATT_R2.fastq.gz|' ; find /srv/gsfs0/projects/iPoP/RNAseq/FASTQ/*/*/SCGPM_WZ08-P7_*_CGCTCATT_R2.fastq.gz -print,ZOZOW1T-6014_51_830,ZOZOW1T-51-Plasma,ZOZOW1T-51-Plasma.hostseqprep,ZOZOW1T-51-CGCTCATT-R2-Plasma,/srv/gsfs0/projects/iPoP/RNAseq/FASTQ/*/*/SCGPM_WZ08-P7_*_CGCTCATT_R2.fastq.gz,sha256sum /srv/gsfs0/projects/iPoP/RNAseq/FASTQ/*/*/SCGPM_WZ08-P7_*_CGCTCATT_R2.fastq.gz,88af6472fb03642dd5eaf8cddcf5714f,#N/A,SCGPM_WZ08-P7_*_CGCTCATT_R2.fastq.gz,3611376,echo '/srv/gsfs0/projects/iPoP/RNAseq/FASTQ/*/*/SCGPM_WZ08-P7_*_CGCTCATT_R2.fastq.gz|' ; find /srv/gsfs0/projects/iPoP/RNAseq/FASTQ/*/*/SCGPM_WZ08-P7_*_CGCTCATT_R2.fastq.gz -print,8faa1b2587b7b7f78dec562cd90fe050daf181b5b91dba0c3f09f7ef4d7faf12,df371a25b2a26e933d8c3d6be8344716,echo '/srv/gsfs0/projects/iPoP/RNAseq/FASTQ/*/*/SCGPM_WZ08-P7_*_CGCTCATT_R2.fastq.gz|' ; find /srv/gsfs0/projects/iPoP/RNAseq/FASTQ/*/*/SCGPM_WZ08-P7_*_CGCTCATT_R2.fastq.gz -print,/srv/gsfs0/projects/iPoP/RNAseq/FASTQ/WZ08/P7/SCGPM_WZ08-P7_CAWN7_L6_CGCTCATT_R2.fastq.gz,blood,FMA:7842
echo '/srv/gsfs0/projects/iPoP/RNAseq/FASTQ/*/*/SCGPM_WZ08-P10_*_CGGCTATG_R2.fastq.gz|' ; find /srv/gsfs0/projects/iPoP/RNAseq/FASTQ/*/*/SCGPM_WZ08-P10_*_CGGCTATG_R2.fastq.gz -print,69-001,69-001-02,/srv/gsfs0/projects/iPoP/RNAseq/FASTQ/*/*/SCGPM_WZ08-P10_*_CGGCTATG_R2.fastq.gz,2,2,#N/A,CGGCTATG,ZOZOW1T,ZOZOW1T-02,60,echo '/srv/gsfs0/projects/iPoP/RNAseq/FASTQ/*/*/SCGPM_WZ08-P10_*_CGGCTATG_R2.fastq.gz|' ; find /srv/gsfs0/projects/iPoP/RNAseq/FASTQ/*/*/SCGPM_WZ08-P10_*_CGGCTATG_R2.fastq.gz -print,ZOZOW1T-46_2_60,ZOZOW1T-02-Plasma,ZOZOW1T-02-Plasma.hostseqprep,ZOZOW1T-02-CGGCTATG-R2-Plasma,/srv/gsfs0/projects/iPoP/RNAseq/FASTQ/*/*/SCGPM_WZ08-P10_*_CGGCTATG_R2.fastq.gz,sha256sum /srv/gsfs0/projects/iPoP/RNAseq/FASTQ/*/*/SCGPM_WZ08-P10_*_CGGCTATG_R2.fastq.gz,932d8fbc70ae8f856028b3f67c2f96fa,#N/A,SCGPM_WZ08-P10_*_CGGCTATG_R2.fastq.gz,3594096,echo '/srv/gsfs0/projects/iPoP/RNAseq/FASTQ/*/*/SCGPM_WZ08-P10_*_CGGCTATG_R2.fastq.gz|' ; find /srv/gsfs0/projects/iPoP/RNAseq/FASTQ/*/*/SCGPM_WZ08-P10_*_CGGCTATG_R2.fastq.gz -print,9cce3bbda06000b22782fb322b19fe5f2a25e5c3557a90c8963ea05abcf9623f,646d7d88f0b650e2dcbffef200922d04,echo '/srv/gsfs0/projects/iPoP/RNAseq/FASTQ/*/*/SCGPM_WZ08-P10_*_CGGCTATG_R2.fastq.gz|' ; find /srv/gsfs0/projects/iPoP/RNAseq/FASTQ/*/*/SCGPM_WZ08-P10_*_CGGCTATG_R2.fastq.gz -print,/srv/gsfs0/projects/iPoP/RNAseq/FASTQ/WZ08/P10/SCGPM_WZ08-P10_CAP8P_L4_CGGCTATG_R2.fastq.gz,blood,FMA:7842
echo '/srv/gsfs0/projects/iPoP/RNAseq/FASTQ/*/*/SCGPM_WZ08-P10_*_CTGAAGCT_R2.fastq.gz|' ; find /srv/gsfs0/projects/iPoP/RNAseq/FASTQ/*/*/SCGPM_WZ08-P10_*_CTGAAGCT_R2.fastq.gz -print,69-001,69-001-38,/srv/gsfs0/projects/iPoP/RNAseq/FASTQ/*/*/SCGPM_WZ08-P10_*_CTGAAGCT_R2.fastq.gz,2,38,#N/A,CTGAAGCT,ZOZOW1T,ZOZOW1T-38,747,echo '/srv/gsfs0/projects/iPoP/RNAseq/FASTQ/*/*/SCGPM_WZ08-P10_*_CTGAAGCT_R2.fastq.gz|' ; find /srv/gsfs0/projects/iPoP/RNAseq/FASTQ/*/*/SCGPM_WZ08-P10_*_CTGAAGCT_R2.fastq.gz -print,ZOZOW1T-4012_38_747,ZOZOW1T-38-Plasma,ZOZOW1T-38-Plasma.hostseqprep,ZOZOW1T-38-CTGAAGCT-R2-Plasma,/srv/gsfs0/projects/iPoP/RNAseq/FASTQ/*/*/SCGPM_WZ08-P10_*_CTGAAGCT_R2.fastq.gz,sha256sum /srv/gsfs0/projects/iPoP/RNAseq/FASTQ/*/*/SCGPM_WZ08-P10_*_CTGAAGCT_R2.fastq.gz,88af6472fb03642dd5eaf8cddcedda40,#N/A,SCGPM_WZ08-P10_*_CTGAAGCT_R2.fastq.gz,3592760,echo '/srv/gsfs0/projects/iPoP/RNAseq/FASTQ/*/*/SCGPM_WZ08-P10_*_CTGAAGCT_R2.fastq.gz|' ; find /srv/gsfs0/projects/iPoP/RNAseq/FASTQ/*/*/SCGPM_WZ08-P10_*_CTGAAGCT_R2.fastq.gz -print,4e8538495c91a0b3701255a4046ef92664df5ef4d09eabe7343c22ce0aba9f68,464c50ad99f50abb4c4218579a554bfe,echo '/srv/gsfs0/projects/iPoP/RNAseq/FASTQ/*/*/SCGPM_WZ08-P10_*_CTGAAGCT_R2.fastq.gz|' ; find /srv/gsfs0/projects/iPoP/RNAseq/FASTQ/*/*/SCGPM_WZ08-P10_*_CTGAAGCT_R2.fastq.gz -print,/srv/gsfs0/projects/iPoP/RNAseq/FASTQ/WZ08/P10/SCGPM_WZ08-P10_CAP8P_L4_CTGAAGCT_R2.fastq.gz,blood,FMA:7842
echo '/srv/gsfs0/projects/iPoP/RNAseq/FASTQ/*/*/SCGPM_WZ08-P10_*_CTGAAGCT_R1.fastq.gz|' ; find /srv/gsfs0/projects/iPoP/RNAseq/FASTQ/*/*/SCGPM_WZ08-P10_*_CTGAAGCT_R1.fastq.gz -print,69-001,69-001-38,/srv/gsfs0/projects/iPoP/RNAseq/FASTQ/*/*/SCGPM_WZ08-P10_*_CTGAAGCT_R1.fastq.gz,1,38,#N/A,CTGAAGCT,ZOZOW1T,ZOZOW1T-38,747,echo '/srv/gsfs0/projects/iPoP/RNAseq/FASTQ/*/*/SCGPM_WZ08-P10_*_CTGAAGCT_R1.fastq.gz|' ; find /srv/gsfs0/projects/iPoP/RNAseq/FASTQ/*/*/SCGPM_WZ08-P10_*_CTGAAGCT_R1.fastq.gz -print,ZOZOW1T-4012_38_747,ZOZOW1T-38-Plasma,ZOZOW1T-38-Plasma.hostseqprep,ZOZOW1T-38-CTGAAGCT-R1-Plasma,/srv/gsfs0/projects/iPoP/RNAseq/FASTQ/*/*/SCGPM_WZ08-P10_*_CTGAAGCT_R1.fastq.gz,sha256sum /srv/gsfs0/projects/iPoP/RNAseq/FASTQ/*/*/SCGPM_WZ08-P10_*_CTGAAGCT_R1.fastq.gz,88af6472fb03642dd5eaf8cddcedda40,#N/A,SCGPM_WZ08-P10_*_CTGAAGCT_R1.fastq.gz,3539856,echo '/srv/gsfs0/projects/iPoP/RNAseq/FASTQ/*/*/SCGPM_WZ08-P10_*_CTGAAGCT_R1.fastq.gz|' ; find /srv/gsfs0/projects/iPoP/RNAseq/FASTQ/*/*/SCGPM_WZ08-P10_*_CTGAAGCT_R1.fastq.gz -print,3090d3b17c0d5fb5daa06a0952ff0c65c6e6f459c69eb717d019f217aff9def5,ef1cea9fd1681ad0c22e134417a3aa13,echo '/srv/gsfs0/projects/iPoP/RNAseq/FASTQ/*/*/SCGPM_WZ08-P10_*_CTGAAGCT_R1.fastq.gz|' ; find /srv/gsfs0/projects/iPoP/RNAseq/FASTQ/*/*/SCGPM_WZ08-P10_*_CTGAAGCT_R1.fastq.gz -print,/srv/gsfs0/projects/iPoP/RNAseq/FASTQ/WZ08/P10/SCGPM_WZ08-P10_CAP8P_L4_CTGAAGCT_R1.fastq.gz,blood,FMA:7842
echo '/srv/gsfs0/projects/iPoP/RNAseq/FASTQ/*/*/SCGPM_WZ08-P10_*_CGGCTATG_R1.fastq.gz|' ; find /srv/gsfs0/projects/iPoP/RNAseq/FASTQ/*/*/SCGPM_WZ08-P10_*_CGGCTATG_R1.fastq.gz -print,69-001,69-001-02,/srv/gsfs0/projects/iPoP/RNAseq/FASTQ/*/*/SCGPM_WZ08-P10_*_CGGCTATG_R1.fastq.gz,1,2,#N/A,CGGCTATG,ZOZOW1T,ZOZOW1T-02,60,echo '/srv/gsfs0/projects/iPoP/RNAseq/FASTQ/*/*/SCGPM_WZ08-P10_*_CGGCTATG_R1.fastq.gz|' ; find /srv/gsfs0/projects/iPoP/RNAseq/FASTQ/*/*/SCGPM_WZ08-P10_*_CGGCTATG_R1.fastq.gz -print,ZOZOW1T-46_2_60,ZOZOW1T-02-Plasma,ZOZOW1T-02-Plasma.hostseqprep,ZOZOW1T-02-CGGCTATG-R1-Plasma,/srv/gsfs0/projects/iPoP/RNAseq/FASTQ/*/*/SCGPM_WZ08-P10_*_CGGCTATG_R1.fastq.gz,sha256sum /srv/gsfs0/projects/iPoP/RNAseq/FASTQ/*/*/SCGPM_WZ08-P10_*_CGGCTATG_R1.fastq.gz,932d8fbc70ae8f856028b3f67c2f96fa,#N/A,SCGPM_WZ08-P10_*_CGGCTATG_R1.fastq.gz,3535528,echo '/srv/gsfs0/projects/iPoP/RNAseq/FASTQ/*/*/SCGPM_WZ08-P10_*_CGGCTATG_R1.fastq.gz|' ; find /srv/gsfs0/projects/iPoP/RNAseq/FASTQ/*/*/SCGPM_WZ08-P10_*_CGGCTATG_R1.fastq.gz -print,bea2e545995ff12f36058af62b9fde8b723a83d447e711dc4600803bf4d56c5c,224f470f953ffa6a989d9b0b6c30a673,echo '/srv/gsfs0/projects/iPoP/RNAseq/FASTQ/*/*/SCGPM_WZ08-P10_*_CGGCTATG_R1.fastq.gz|' ; find /srv/gsfs0/projects/iPoP/RNAseq/FASTQ/*/*/SCGPM_WZ08-P10_*_CGGCTATG_R1.fastq.gz -print,/srv/gsfs0/projects/iPoP/RNAseq/FASTQ/WZ08/P10/SCGPM_WZ08-P10_CAP8P_L4_CGGCTATG_R1.fastq.gz,blood,FMA:7842
echo '/srv/gsfs0/projects/iPoP/RNAseq/FASTQ/*/*/SCGPM_WZ08-P7_*_CGCTCATT_R1.fastq.gz|' ; find /srv/gsfs0/projects/iPoP/RNAseq/FASTQ/*/*/SCGPM_WZ08-P7_*_CGCTCATT_R1.fastq.gz -print,69-001,69-001-51,/srv/gsfs0/projects/iPoP/RNAseq/FASTQ/*/*/SCGPM_WZ08-P7_*_CGCTCATT_R1.fastq.gz,1,51,#N/A,CGCTCATT,ZOZOW1T,ZOZOW1T-51,830,echo '/srv/gsfs0/projects/iPoP/RNAseq/FASTQ/*/*/SCGPM_WZ08-P7_*_CGCTCATT_R1.fastq.gz|' ; find /srv/gsfs0/projects/iPoP/RNAseq/FASTQ/*/*/SCGPM_WZ08-P7_*_CGCTCATT_R1.fastq.gz -print,ZOZOW1T-6014_51_830,ZOZOW1T-51-Plasma,ZOZOW1T-51-Plasma.hostseqprep,ZOZOW1T-51-CGCTCATT-R1-Plasma,/srv/gsfs0/projects/iPoP/RNAseq/FASTQ/*/*/SCGPM_WZ08-P7_*_CGCTCATT_R1.fastq.gz,sha256sum /srv/gsfs0/projects/iPoP/RNAseq/FASTQ/*/*/SCGPM_WZ08-P7_*_CGCTCATT_R1.fastq.gz,88af6472fb03642dd5eaf8cddcf5714f,#N/A,SCGPM_WZ08-P7_*_CGCTCATT_R1.fastq.gz,3526680,echo '/srv/gsfs0/projects/iPoP/RNAseq/FASTQ/*/*/SCGPM_WZ08-P7_*_CGCTCATT_R1.fastq.gz|' ; find /srv/gsfs0/projects/iPoP/RNAseq/FASTQ/*/*/SCGPM_WZ08-P7_*_CGCTCATT_R1.fastq.gz -print,e79ada1f7233cb727ea4f9543fa652c8fc2b7d4f7e5784e74615d67fdaec7718,0cb795a5bdcd98bfd7d4c5988bfbb017,echo '/srv/gsfs0/projects/iPoP/RNAseq/FASTQ/*/*/SCGPM_WZ08-P7_*_CGCTCATT_R1.fastq.gz|' ; find /srv/gsfs0/projects/iPoP/RNAseq/FASTQ/*/*/SCGPM_WZ08-P7_*_CGCTCATT_R1.fastq.gz -print,/srv/gsfs0/projects/iPoP/RNAseq/FASTQ/WZ08/P7/SCGPM_WZ08-P7_CAWN7_L6_CGCTCATT_R1.fastq.gz,blood,FMA:7842
echo '/srv/gsfs0/projects/iPoP/RNAseq/FASTQ/*/*/SCGPM_WZ08-P10_*_TCCGCGAA_R2.fastq.gz|' ; find /srv/gsfs0/projects/iPoP/RNAseq/FASTQ/*/*/SCGPM_WZ08-P10_*_TCCGCGAA_R2.fastq.gz -print,69-001,69-001-04,/srv/gsfs0/projects/iPoP/RNAseq/FASTQ/*/*/SCGPM_WZ08-P10_*_TCCGCGAA_R2.fastq.gz,2,4,#N/A,TCCGCGAA,ZOZOW1T,ZOZOW1T-04,75,echo '/srv/gsfs0/projects/iPoP/RNAseq/FASTQ/*/*/SCGPM_WZ08-P10_*_TCCGCGAA_R2.fastq.gz|' ; find /srv/gsfs0/projects/iPoP/RNAseq/FASTQ/*/*/SCGPM_WZ08-P10_*_TCCGCGAA_R2.fastq.gz -print,ZOZOW1T-49_4_75,ZOZOW1T-04-Plasma,ZOZOW1T-04-Plasma.hostseqprep,ZOZOW1T-04-TCCGCGAA-R2-Plasma,/srv/gsfs0/projects/iPoP/RNAseq/FASTQ/*/*/SCGPM_WZ08-P10_*_TCCGCGAA_R2.fastq.gz,sha256sum /srv/gsfs0/projects/iPoP/RNAseq/FASTQ/*/*/SCGPM_WZ08-P10_*_TCCGCGAA_R2.fastq.gz,932d8fbc70ae8f856028b3f67c2f8be3,#N/A,SCGPM_WZ08-P10_*_TCCGCGAA_R2.fastq.gz,3509536,echo '/srv/gsfs0/projects/iPoP/RNAseq/FASTQ/*/*/SCGPM_WZ08-P10_*_TCCGCGAA_R2.fastq.gz|' ; find /srv/gsfs0/projects/iPoP/RNAseq/FASTQ/*/*/SCGPM_WZ08-P10_*_TCCGCGAA_R2.fastq.gz -print,5ba64d4a36e2c84406f3e37f266cc6a72ca82d7623d4f9449fcda0ab8a7a12bd,5d90bbabfecc41c0fbd21b06bafa5f16,echo '/srv/gsfs0/projects/iPoP/RNAseq/FASTQ/*/*/SCGPM_WZ08-P10_*_TCCGCGAA_R2.fastq.gz|' ; find /srv/gsfs0/projects/iPoP/RNAseq/FASTQ/*/*/SCGPM_WZ08-P10_*_TCCGCGAA_R2.fastq.gz -print,/srv/gsfs0/projects/iPoP/RNAseq/FASTQ/WZ08/P10/SCGPM_WZ08-P10_CAP8P_L4_TCCGCGAA_R2.fastq.gz,blood,FMA:7842
echo '/srv/gsfs0/projects/iPoP/RNAseq/FASTQ/*/*/SCGPM_WZ08-P14_*_TCTCGCGC_R2.fastq.gz|' ; find /srv/gsfs0/projects/iPoP/RNAseq/FASTQ/*/*/SCGPM_WZ08-P14_*_TCTCGCGC_R2.fastq.gz -print,70-1001,70-1001-2029,/srv/gsfs0/projects/iPoP/RNAseq/FASTQ/*/*/SCGPM_WZ08-P14_*_TCTCGCGC_R2.fastq.gz,2,2029,#N/A,TCTCGCGC,ZLTUJTN,ZLTUJTN-2029,#N/A,echo '/srv/gsfs0/projects/iPoP/RNAseq/FASTQ/*/*/SCGPM_WZ08-P14_*_TCTCGCGC_R2.fastq.gz|' ; find /srv/gsfs0/projects/iPoP/RNAseq/FASTQ/*/*/SCGPM_WZ08-P14_*_TCTCGCGC_R2.fastq.gz -print,#N/A,ZLTUJTN-2029-Plasma,ZLTUJTN-2029-Plasma.hostseqprep,ZLTUJTN-2029-TCTCGCGC-R2-Plasma,/srv/gsfs0/projects/iPoP/RNAseq/FASTQ/*/*/SCGPM_WZ08-P14_*_TCTCGCGC_R2.fastq.gz,sha256sum /srv/gsfs0/projects/iPoP/RNAseq/FASTQ/*/*/SCGPM_WZ08-P14_*_TCTCGCGC_R2.fastq.gz,#N/A,#N/A,SCGPM_WZ08-P14_*_TCTCGCGC_R2.fastq.gz,3441128,echo '/srv/gsfs0/projects/iPoP/RNAseq/FASTQ/*/*/SCGPM_WZ08-P14_*_TCTCGCGC_R2.fastq.gz|' ; find /srv/gsfs0/projects/iPoP/RNAseq/FASTQ/*/*/SCGPM_WZ08-P14_*_TCTCGCGC_R2.fastq.gz -print,472b40cff66266dfb9a2727265d7441e55ac496f52abf6cedac4c93f960cf2e4,117512534d8ed1ed3ef804dfe9490faa,echo '/srv/gsfs0/projects/iPoP/RNAseq/FASTQ/*/*/SCGPM_WZ08-P14_*_TCTCGCGC_R2.fastq.gz|' ; find /srv/gsfs0/projects/iPoP/RNAseq/FASTQ/*/*/SCGPM_WZ08-P14_*_TCTCGCGC_R2.fastq.gz -print,/srv/gsfs0/projects/iPoP/RNAseq/FASTQ/WZ08/P14/SCGPM_WZ08-P14_CAP8P_L8_TCTCGCGC_R2.fastq.gz,blood,FMA:7842
echo '/srv/gsfs0/projects/iPoP/RNAseq/FASTQ/*/*/SCGPM_WZ08-P13_*_CGGCTATG_R2.fastq.gz|' ; find /srv/gsfs0/projects/iPoP/RNAseq/FASTQ/*/*/SCGPM_WZ08-P13_*_CGGCTATG_R2.fastq.gz -print,69-001,69-001-25,/srv/gsfs0/projects/iPoP/RNAseq/FASTQ/*/*/SCGPM_WZ08-P13_*_CGGCTATG_R2.fastq.gz,2,25,#N/A,CGGCTATG,ZOZOW1T,ZOZOW1T-25,531,echo '/srv/gsfs0/projects/iPoP/RNAseq/FASTQ/*/*/SCGPM_WZ08-P13_*_CGGCTATG_R2.fastq.gz|' ; find /srv/gsfs0/projects/iPoP/RNAseq/FASTQ/*/*/SCGPM_WZ08-P13_*_CGGCTATG_R2.fastq.gz -print,ZOZOW1T-72_25_531,ZOZOW1T-25-Plasma,ZOZOW1T-25-Plasma.hostseqprep,ZOZOW1T-25-CGGCTATG-R2-Plasma,/srv/gsfs0/projects/iPoP/RNAseq/FASTQ/*/*/SCGPM_WZ08-P13_*_CGGCTATG_R2.fastq.gz,sha256sum /srv/gsfs0/projects/iPoP/RNAseq/FASTQ/*/*/SCGPM_WZ08-P13_*_CGGCTATG_R2.fastq.gz,88af6472fb03642dd5eaf8cddceec955,#N/A,SCGPM_WZ08-P13_*_CGGCTATG_R2.fastq.gz,3432536,echo '/srv/gsfs0/projects/iPoP/RNAseq/FASTQ/*/*/SCGPM_WZ08-P13_*_CGGCTATG_R2.fastq.gz|' ; find /srv/gsfs0/projects/iPoP/RNAseq/FASTQ/*/*/SCGPM_WZ08-P13_*_CGGCTATG_R2.fastq.gz -print,6b7add69534e6edd88a82d0ce55961ba8bd72756e43591b45d89b7563f8e2eeb,28e16ea64307a9c04549981e21cf6d34,echo '/srv/gsfs0/projects/iPoP/RNAseq/FASTQ/*/*/SCGPM_WZ08-P13_*_CGGCTATG_R2.fastq.gz|' ; find /srv/gsfs0/projects/iPoP/RNAseq/FASTQ/*/*/SCGPM_WZ08-P13_*_CGGCTATG_R2.fastq.gz -print,/srv/gsfs0/projects/iPoP/RNAseq/FASTQ/WZ08/P13/SCGPM_WZ08-P13_CAP8P_L7_CGGCTATG_R2.fastq.gz,blood,FMA:7842
echo '/srv/gsfs0/projects/iPoP/RNAseq/FASTQ/*/*/SCGPM_WZ08-P10_*_TCCGCGAA_R1.fastq.gz|' ; find /srv/gsfs0/projects/iPoP/RNAseq/FASTQ/*/*/SCGPM_WZ08-P10_*_TCCGCGAA_R1.fastq.gz -print,69-001,69-001-04,/srv/gsfs0/projects/iPoP/RNAseq/FASTQ/*/*/SCGPM_WZ08-P10_*_TCCGCGAA_R1.fastq.gz,1,4,#N/A,TCCGCGAA,ZOZOW1T,ZOZOW1T-04,75,echo '/srv/gsfs0/projects/iPoP/RNAseq/FASTQ/*/*/SCGPM_WZ08-P10_*_TCCGCGAA_R1.fastq.gz|' ; find /srv/gsfs0/projects/iPoP/RNAseq/FASTQ/*/*/SCGPM_WZ08-P10_*_TCCGCGAA_R1.fastq.gz -print,ZOZOW1T-49_4_75,ZOZOW1T-04-Plasma,ZOZOW1T-04-Plasma.hostseqprep,ZOZOW1T-04-TCCGCGAA-R1-Plasma,/srv/gsfs0/projects/iPoP/RNAseq/FASTQ/*/*/SCGPM_WZ08-P10_*_TCCGCGAA_R1.fastq.gz,sha256sum /srv/gsfs0/projects/iPoP/RNAseq/FASTQ/*/*/SCGPM_WZ08-P10_*_TCCGCGAA_R1.fastq.gz,932d8fbc70ae8f856028b3f67c2f8be3,#N/A,SCGPM_WZ08-P10_*_TCCGCGAA_R1.fastq.gz,3407568,echo '/srv/gsfs0/projects/iPoP/RNAseq/FASTQ/*/*/SCGPM_WZ08-P10_*_TCCGCGAA_R1.fastq.gz|' ; find /srv/gsfs0/projects/iPoP/RNAseq/FASTQ/*/*/SCGPM_WZ08-P10_*_TCCGCGAA_R1.fastq.gz -print,94f7b831c96efe04fcf5e475dbff5500efafff331455466d53627084e3588a88,d47d585b2cb2dddda5dbcadb7d5c13f9,echo '/srv/gsfs0/projects/iPoP/RNAseq/FASTQ/*/*/SCGPM_WZ08-P10_*_TCCGCGAA_R1.fastq.gz|' ; find /srv/gsfs0/projects/iPoP/RNAseq/FASTQ/*/*/SCGPM_WZ08-P10_*_TCCGCGAA_R1.fastq.gz -print,/srv/gsfs0/projects/iPoP/RNAseq/FASTQ/WZ08/P10/SCGPM_WZ08-P10_CAP8P_L4_TCCGCGAA_R1.fastq.gz,blood,FMA:7842
echo '/srv/gsfs0/projects/iPoP/RNAseq/FASTQ/*/*/SCGPM_WZ08-P13_*_CGGCTATG_R1.fastq.gz|' ; find /srv/gsfs0/projects/iPoP/RNAseq/FASTQ/*/*/SCGPM_WZ08-P13_*_CGGCTATG_R1.fastq.gz -print,69-001,69-001-25,/srv/gsfs0/projects/iPoP/RNAseq/FASTQ/*/*/SCGPM_WZ08-P13_*_CGGCTATG_R1.fastq.gz,1,25,#N/A,CGGCTATG,ZOZOW1T,ZOZOW1T-25,531,echo '/srv/gsfs0/projects/iPoP/RNAseq/FASTQ/*/*/SCGPM_WZ08-P13_*_CGGCTATG_R1.fastq.gz|' ; find /srv/gsfs0/projects/iPoP/RNAseq/FASTQ/*/*/SCGPM_WZ08-P13_*_CGGCTATG_R1.fastq.gz -print,ZOZOW1T-72_25_531,ZOZOW1T-25-Plasma,ZOZOW1T-25-Plasma.hostseqprep,ZOZOW1T-25-CGGCTATG-R1-Plasma,/srv/gsfs0/projects/iPoP/RNAseq/FASTQ/*/*/SCGPM_WZ08-P13_*_CGGCTATG_R1.fastq.gz,sha256sum /srv/gsfs0/projects/iPoP/RNAseq/FASTQ/*/*/SCGPM_WZ08-P13_*_CGGCTATG_R1.fastq.gz,88af6472fb03642dd5eaf8cddceec955,#N/A,SCGPM_WZ08-P13_*_CGGCTATG_R1.fastq.gz,3382360,echo '/srv/gsfs0/projects/iPoP/RNAseq/FASTQ/*/*/SCGPM_WZ08-P13_*_CGGCTATG_R1.fastq.gz|' ; find /srv/gsfs0/projects/iPoP/RNAseq/FASTQ/*/*/SCGPM_WZ08-P13_*_CGGCTATG_R1.fastq.gz -print,53a0f07a1342ffe7a3583776f17918789c8be3335899915e96e951cff676955a,e6d591eda60ba2ed7d0efc9769f6bdd5,echo '/srv/gsfs0/projects/iPoP/RNAseq/FASTQ/*/*/SCGPM_WZ08-P13_*_CGGCTATG_R1.fastq.gz|' ; find /srv/gsfs0/projects/iPoP/RNAseq/FASTQ/*/*/SCGPM_WZ08-P13_*_CGGCTATG_R1.fastq.gz -print,/srv/gsfs0/projects/iPoP/RNAseq/FASTQ/WZ08/P13/SCGPM_WZ08-P13_CAP8P_L7_CGGCTATG_R1.fastq.gz,blood,FMA:7842
echo '/srv/gsfs0/projects/iPoP/RNAseq/FASTQ/*/*/SCGPM_WZ08-P14_*_TCTCGCGC_R1.fastq.gz|' ; find /srv/gsfs0/projects/iPoP/RNAseq/FASTQ/*/*/SCGPM_WZ08-P14_*_TCTCGCGC_R1.fastq.gz -print,70-1001,70-1001-2029,/srv/gsfs0/projects/iPoP/RNAseq/FASTQ/*/*/SCGPM_WZ08-P14_*_TCTCGCGC_R1.fastq.gz,1,2029,#N/A,TCTCGCGC,ZLTUJTN,ZLTUJTN-2029,#N/A,echo '/srv/gsfs0/projects/iPoP/RNAseq/FASTQ/*/*/SCGPM_WZ08-P14_*_TCTCGCGC_R1.fastq.gz|' ; find /srv/gsfs0/projects/iPoP/RNAseq/FASTQ/*/*/SCGPM_WZ08-P14_*_TCTCGCGC_R1.fastq.gz -print,#N/A,ZLTUJTN-2029-Plasma,ZLTUJTN-2029-Plasma.hostseqprep,ZLTUJTN-2029-TCTCGCGC-R1-Plasma,/srv/gsfs0/projects/iPoP/RNAseq/FASTQ/*/*/SCGPM_WZ08-P14_*_TCTCGCGC_R1.fastq.gz,sha256sum /srv/gsfs0/projects/iPoP/RNAseq/FASTQ/*/*/SCGPM_WZ08-P14_*_TCTCGCGC_R1.fastq.gz,#N/A,#N/A,SCGPM_WZ08-P14_*_TCTCGCGC_R1.fastq.gz,3373600,echo '/srv/gsfs0/projects/iPoP/RNAseq/FASTQ/*/*/SCGPM_WZ08-P14_*_TCTCGCGC_R1.fastq.gz|' ; find /srv/gsfs0/projects/iPoP/RNAseq/FASTQ/*/*/SCGPM_WZ08-P14_*_TCTCGCGC_R1.fastq.gz -print,d67a940b6d273d4728ab7017107b75513793b5aff9cf0b3d70f1d960822e2217,b59f4a4c4fbb55ffdd3daf7e1da79a25,echo '/srv/gsfs0/projects/iPoP/RNAseq/FASTQ/*/*/SCGPM_WZ08-P14_*_TCTCGCGC_R1.fastq.gz|' ; find /srv/gsfs0/projects/iPoP/RNAseq/FASTQ/*/*/SCGPM_WZ08-P14_*_TCTCGCGC_R1.fastq.gz -print,/srv/gsfs0/projects/iPoP/RNAseq/FASTQ/WZ08/P14/SCGPM_WZ08-P14_CAP8P_L8_TCTCGCGC_R1.fastq.gz,blood,FMA:7842
echo '/srv/gsfs0/projects/iPoP/RNAseq/FASTQ/*/*/SCGPM_WZ08-P13_*_CTGAAGCT_R2.fastq.gz|' ; find /srv/gsfs0/projects/iPoP/RNAseq/FASTQ/*/*/SCGPM_WZ08-P13_*_CTGAAGCT_R2.fastq.gz -print,69-001,69-001-39,/srv/gsfs0/projects/iPoP/RNAseq/FASTQ/*/*/SCGPM_WZ08-P13_*_CTGAAGCT_R2.fastq.gz,2,39,#N/A,CTGAAGCT,ZOZOW1T,ZOZOW1T-39,759,echo '/srv/gsfs0/projects/iPoP/RNAseq/FASTQ/*/*/SCGPM_WZ08-P13_*_CTGAAGCT_R2.fastq.gz|' ; find /srv/gsfs0/projects/iPoP/RNAseq/FASTQ/*/*/SCGPM_WZ08-P13_*_CTGAAGCT_R2.fastq.gz -print,ZOZOW1T-82_39_759,ZOZOW1T-39-Plasma,ZOZOW1T-39-Plasma.hostseqprep,ZOZOW1T-39-CTGAAGCT-R2-Plasma,/srv/gsfs0/projects/iPoP/RNAseq/FASTQ/*/*/SCGPM_WZ08-P13_*_CTGAAGCT_R2.fastq.gz,sha256sum /srv/gsfs0/projects/iPoP/RNAseq/FASTQ/*/*/SCGPM_WZ08-P13_*_CTGAAGCT_R2.fastq.gz,88af6472fb03642dd5eaf8cddcedcd41,#N/A,SCGPM_WZ08-P13_*_CTGAAGCT_R2.fastq.gz,3220240,echo '/srv/gsfs0/projects/iPoP/RNAseq/FASTQ/*/*/SCGPM_WZ08-P13_*_CTGAAGCT_R2.fastq.gz|' ; find /srv/gsfs0/projects/iPoP/RNAseq/FASTQ/*/*/SCGPM_WZ08-P13_*_CTGAAGCT_R2.fastq.gz -print,289c80a3ce9af387308bfd56c7384af823f62b4ce09cc149872ea0992170c04d,ad85f35fb615e478f93c8f9d1aace400,echo '/srv/gsfs0/projects/iPoP/RNAseq/FASTQ/*/*/SCGPM_WZ08-P13_*_CTGAAGCT_R2.fastq.gz|' ; find /srv/gsfs0/projects/iPoP/RNAseq/FASTQ/*/*/SCGPM_WZ08-P13_*_CTGAAGCT_R2.fastq.gz -print,/srv/gsfs0/projects/iPoP/RNAseq/FASTQ/WZ08/P13/SCGPM_WZ08-P13_CAP8P_L7_CTGAAGCT_R2.fastq.gz,blood,FMA:7842
echo '/srv/gsfs0/projects/iPoP/RNAseq/FASTQ/WZ03/P*/SCGPM_WZ03-P9_*_CGGCTATG_R2.fastq.gz|' ; find /srv/gsfs0/projects/iPoP/RNAseq/FASTQ/WZ03/P*/SCGPM_WZ03-P9_*_CGGCTATG_R2.fastq.gz -print,69-006,69-006-02,/srv/gsfs0/projects/iPoP/RNAseq/FASTQ/WZ03/P*/SCGPM_WZ03-P9_*_CGGCTATG_R2.fastq.gz,2,2,M2,CGGCTATG,ZIS22OE,ZIS22OE-02,#N/A,echo '/srv/gsfs0/projects/iPoP/RNAseq/FASTQ/WZ03/P*/SCGPM_WZ03-P9_*_CGGCTATG_R2.fastq.gz|' ; find /srv/gsfs0/projects/iPoP/RNAseq/FASTQ/WZ03/P*/SCGPM_WZ03-P9_*_CGGCTATG_R2.fastq.gz -print,#N/A,ZIS22OE-02-M2-Plasma,ZIS22OE-02-M2-Plasma.hostseqprep,ZIS22OE-02-CGGCTATG-R2-Plasma,/srv/gsfs0/projects/iPoP/RNAseq/FASTQ/WZ03/P*/SCGPM_WZ03-P9_*_CGGCTATG_R2.fastq.gz,sha256sum /srv/gsfs0/projects/iPoP/RNAseq/FASTQ/WZ03/P*/SCGPM_WZ03-P9_*_CGGCTATG_R2.fastq.gz,#N/A,#N/A,SCGPM_WZ03-P9_*_CGGCTATG_R2.fastq.gz,3185576,echo '/srv/gsfs0/projects/iPoP/RNAseq/FASTQ/WZ03/P*/SCGPM_WZ03-P9_*_CGGCTATG_R2.fastq.gz|' ; find /srv/gsfs0/projects/iPoP/RNAseq/FASTQ/WZ03/P*/SCGPM_WZ03-P9_*_CGGCTATG_R2.fastq.gz -print,eaa227a2517995f3404acb0ac49d49412fb57fd67cc28ed96f43285ae5fec0cc,b63466890e772d2e4727daf80dcee0c4,echo '/srv/gsfs0/projects/iPoP/RNAseq/FASTQ/WZ03/P*/SCGPM_WZ03-P9_*_CGGCTATG_R2.fastq.gz|' ; find /srv/gsfs0/projects/iPoP/RNAseq/FASTQ/WZ03/P*/SCGPM_WZ03-P9_*_CGGCTATG_R2.fastq.gz -print,/srv/gsfs0/projects/iPoP/RNAseq/FASTQ/WZ03/P9/SCGPM_WZ03-P9_C9LCM_L7_CGGCTATG_R2.fastq.gz,blood,FMA:7842
echo '/srv/gsfs0/projects/iPoP/RNAseq/FASTQ/*/*/SCGPM_WZ08-P7_*_GAATTCGT_R2.fastq.gz|' ; find /srv/gsfs0/projects/iPoP/RNAseq/FASTQ/*/*/SCGPM_WZ08-P7_*_GAATTCGT_R2.fastq.gz -print,69-001,69-001-29,/srv/gsfs0/projects/iPoP/RNAseq/FASTQ/*/*/SCGPM_WZ08-P7_*_GAATTCGT_R2.fastq.gz,2,29,#N/A,GAATTCGT,ZOZOW1T,ZOZOW1T-29,632,echo '/srv/gsfs0/projects/iPoP/RNAseq/FASTQ/*/*/SCGPM_WZ08-P7_*_GAATTCGT_R2.fastq.gz|' ; find /srv/gsfs0/projects/iPoP/RNAseq/FASTQ/*/*/SCGPM_WZ08-P7_*_GAATTCGT_R2.fastq.gz -print,ZOZOW1T-75_29_632,ZOZOW1T-29-Plasma,ZOZOW1T-29-Plasma.hostseqprep,ZOZOW1T-29-GAATTCGT-R2-Plasma,/srv/gsfs0/projects/iPoP/RNAseq/FASTQ/*/*/SCGPM_WZ08-P7_*_GAATTCGT_R2.fastq.gz,sha256sum /srv/gsfs0/projects/iPoP/RNAseq/FASTQ/*/*/SCGPM_WZ08-P7_*_GAATTCGT_R2.fastq.gz,88af6472fb03642dd5eaf8cddcee4d01,#N/A,SCGPM_WZ08-P7_*_GAATTCGT_R2.fastq.gz,3179768,echo '/srv/gsfs0/projects/iPoP/RNAseq/FASTQ/*/*/SCGPM_WZ08-P7_*_GAATTCGT_R2.fastq.gz|' ; find /srv/gsfs0/projects/iPoP/RNAseq/FASTQ/*/*/SCGPM_WZ08-P7_*_GAATTCGT_R2.fastq.gz -print,f7ffb28c49ae42c6ae2cf5c7686937fccb2e34353e5a8a28c5cc13c6ed433cac,52ab83d723f99e0d6258a6d88104ec9a,echo '/srv/gsfs0/projects/iPoP/RNAseq/FASTQ/*/*/SCGPM_WZ08-P7_*_GAATTCGT_R2.fastq.gz|' ; find /srv/gsfs0/projects/iPoP/RNAseq/FASTQ/*/*/SCGPM_WZ08-P7_*_GAATTCGT_R2.fastq.gz -print,/srv/gsfs0/projects/iPoP/RNAseq/FASTQ/WZ08/P7/SCGPM_WZ08-P7_CAWN7_L6_GAATTCGT_R2.fastq.gz,blood,FMA:7842
echo '/srv/gsfs0/projects/iPoP/RNAseq/FASTQ/*/*/SCGPM_WZ08-P14_*_TAATGCGC_R2.fastq.gz|' ; find /srv/gsfs0/projects/iPoP/RNAseq/FASTQ/*/*/SCGPM_WZ08-P14_*_TAATGCGC_R2.fastq.gz -print,69-001,69-001-35,/srv/gsfs0/projects/iPoP/RNAseq/FASTQ/*/*/SCGPM_WZ08-P14_*_TAATGCGC_R2.fastq.gz,2,35,#N/A,TAATGCGC,ZOZOW1T,ZOZOW1T-35,728,echo '/srv/gsfs0/projects/iPoP/RNAseq/FASTQ/*/*/SCGPM_WZ08-P14_*_TAATGCGC_R2.fastq.gz|' ; find /srv/gsfs0/projects/iPoP/RNAseq/FASTQ/*/*/SCGPM_WZ08-P14_*_TAATGCGC_R2.fastq.gz -print,ZOZOW1T-80_35_728,ZOZOW1T-35-Plasma,ZOZOW1T-35-Plasma.hostseqprep,ZOZOW1T-35-TAATGCGC-R2-Plasma,/srv/gsfs0/projects/iPoP/RNAseq/FASTQ/*/*/SCGPM_WZ08-P14_*_TAATGCGC_R2.fastq.gz,sha256sum /srv/gsfs0/projects/iPoP/RNAseq/FASTQ/*/*/SCGPM_WZ08-P14_*_TAATGCGC_R2.fastq.gz,88af6472fb03642dd5eaf8cddcedf59e,#N/A,SCGPM_WZ08-P14_*_TAATGCGC_R2.fastq.gz,3171968,echo '/srv/gsfs0/projects/iPoP/RNAseq/FASTQ/*/*/SCGPM_WZ08-P14_*_TAATGCGC_R2.fastq.gz|' ; find /srv/gsfs0/projects/iPoP/RNAseq/FASTQ/*/*/SCGPM_WZ08-P14_*_TAATGCGC_R2.fastq.gz -print,266ab6e10c252b85864cfedf1abd4837f5b1dfeeeecb2d41d5e0f52f5e77cb4d,fe06bbd5fc143d12997510b6213dcbfb,echo '/srv/gsfs0/projects/iPoP/RNAseq/FASTQ/*/*/SCGPM_WZ08-P14_*_TAATGCGC_R2.fastq.gz|' ; find /srv/gsfs0/projects/iPoP/RNAseq/FASTQ/*/*/SCGPM_WZ08-P14_*_TAATGCGC_R2.fastq.gz -print,/srv/gsfs0/projects/iPoP/RNAseq/FASTQ/WZ08/P14/SCGPM_WZ08-P14_CAP8P_L8_TAATGCGC_R2.fastq.gz,blood,FMA:7842
echo '/srv/gsfs0/projects/iPoP/RNAseq/FASTQ/*/*/SCGPM_WZ08-P13_*_CTGAAGCT_R1.fastq.gz|' ; find /srv/gsfs0/projects/iPoP/RNAseq/FASTQ/*/*/SCGPM_WZ08-P13_*_CTGAAGCT_R1.fastq.gz -print,69-001,69-001-39,/srv/gsfs0/projects/iPoP/RNAseq/FASTQ/*/*/SCGPM_WZ08-P13_*_CTGAAGCT_R1.fastq.gz,1,39,#N/A,CTGAAGCT,ZOZOW1T,ZOZOW1T-39,759,echo '/srv/gsfs0/projects/iPoP/RNAseq/FASTQ/*/*/SCGPM_WZ08-P13_*_CTGAAGCT_R1.fastq.gz|' ; find /srv/gsfs0/projects/iPoP/RNAseq/FASTQ/*/*/SCGPM_WZ08-P13_*_CTGAAGCT_R1.fastq.gz -print,ZOZOW1T-82_39_759,ZOZOW1T-39-Plasma,ZOZOW1T-39-Plasma.hostseqprep,ZOZOW1T-39-CTGAAGCT-R1-Plasma,/srv/gsfs0/projects/iPoP/RNAseq/FASTQ/*/*/SCGPM_WZ08-P13_*_CTGAAGCT_R1.fastq.gz,sha256sum /srv/gsfs0/projects/iPoP/RNAseq/FASTQ/*/*/SCGPM_WZ08-P13_*_CTGAAGCT_R1.fastq.gz,88af6472fb03642dd5eaf8cddcedcd41,#N/A,SCGPM_WZ08-P13_*_CTGAAGCT_R1.fastq.gz,3120680,echo '/srv/gsfs0/projects/iPoP/RNAseq/FASTQ/*/*/SCGPM_WZ08-P13_*_CTGAAGCT_R1.fastq.gz|' ; find /srv/gsfs0/projects/iPoP/RNAseq/FASTQ/*/*/SCGPM_WZ08-P13_*_CTGAAGCT_R1.fastq.gz -print,bd6e35b3f04b130d9c9dfa1b72929098e5140c77a5bd43b1d7ced1eff6ff7136,1039ba4d10047b7d4d4c54b6980663d6,echo '/srv/gsfs0/projects/iPoP/RNAseq/FASTQ/*/*/SCGPM_WZ08-P13_*_CTGAAGCT_R1.fastq.gz|' ; find /srv/gsfs0/projects/iPoP/RNAseq/FASTQ/*/*/SCGPM_WZ08-P13_*_CTGAAGCT_R1.fastq.gz -print,/srv/gsfs0/projects/iPoP/RNAseq/FASTQ/WZ08/P13/SCGPM_WZ08-P13_CAP8P_L7_CTGAAGCT_R1.fastq.gz,blood,FMA:7842
echo '/srv/gsfs0/projects/iPoP/RNAseq/FASTQ/*/*/SCGPM_WZ08-P14_*_TAATGCGC_R1.fastq.gz|' ; find /srv/gsfs0/projects/iPoP/RNAseq/FASTQ/*/*/SCGPM_WZ08-P14_*_TAATGCGC_R1.fastq.gz -print,69-001,69-001-35,/srv/gsfs0/projects/iPoP/RNAseq/FASTQ/*/*/SCGPM_WZ08-P14_*_TAATGCGC_R1.fastq.gz,1,35,#N/A,TAATGCGC,ZOZOW1T,ZOZOW1T-35,728,echo '/srv/gsfs0/projects/iPoP/RNAseq/FASTQ/*/*/SCGPM_WZ08-P14_*_TAATGCGC_R1.fastq.gz|' ; find /srv/gsfs0/projects/iPoP/RNAseq/FASTQ/*/*/SCGPM_WZ08-P14_*_TAATGCGC_R1.fastq.gz -print,ZOZOW1T-80_35_728,ZOZOW1T-35-Plasma,ZOZOW1T-35-Plasma.hostseqprep,ZOZOW1T-35-TAATGCGC-R1-Plasma,/srv/gsfs0/projects/iPoP/RNAseq/FASTQ/*/*/SCGPM_WZ08-P14_*_TAATGCGC_R1.fastq.gz,sha256sum /srv/gsfs0/projects/iPoP/RNAseq/FASTQ/*/*/SCGPM_WZ08-P14_*_TAATGCGC_R1.fastq.gz,88af6472fb03642dd5eaf8cddcedf59e,#N/A,SCGPM_WZ08-P14_*_TAATGCGC_R1.fastq.gz,3094736,echo '/srv/gsfs0/projects/iPoP/RNAseq/FASTQ/*/*/SCGPM_WZ08-P14_*_TAATGCGC_R1.fastq.gz|' ; find /srv/gsfs0/projects/iPoP/RNAseq/FASTQ/*/*/SCGPM_WZ08-P14_*_TAATGCGC_R1.fastq.gz -print,767061583bbd0aa693a1766ad30aa489142a25b70d0943c9659e5585588e79c3,79268c28db3efb13284143562b3379ba,echo '/srv/gsfs0/projects/iPoP/RNAseq/FASTQ/*/*/SCGPM_WZ08-P14_*_TAATGCGC_R1.fastq.gz|' ; find /srv/gsfs0/projects/iPoP/RNAseq/FASTQ/*/*/SCGPM_WZ08-P14_*_TAATGCGC_R1.fastq.gz -print,/srv/gsfs0/projects/iPoP/RNAseq/FASTQ/WZ08/P14/SCGPM_WZ08-P14_CAP8P_L8_TAATGCGC_R1.fastq.gz,blood,FMA:7842
echo '/srv/gsfs0/projects/iPoP/RNAseq/FASTQ/WZ03/P*/SCGPM_WZ03-P9_*_CGGCTATG_R1.fastq.gz|' ; find /srv/gsfs0/projects/iPoP/RNAseq/FASTQ/WZ03/P*/SCGPM_WZ03-P9_*_CGGCTATG_R1.fastq.gz -print,69-006,69-006-02,/srv/gsfs0/projects/iPoP/RNAseq/FASTQ/WZ03/P*/SCGPM_WZ03-P9_*_CGGCTATG_R1.fastq.gz,1,2,M2,CGGCTATG,ZIS22OE,ZIS22OE-02,#N/A,echo '/srv/gsfs0/projects/iPoP/RNAseq/FASTQ/WZ03/P*/SCGPM_WZ03-P9_*_CGGCTATG_R1.fastq.gz|' ; find /srv/gsfs0/projects/iPoP/RNAseq/FASTQ/WZ03/P*/SCGPM_WZ03-P9_*_CGGCTATG_R1.fastq.gz -print,#N/A,ZIS22OE-02-M2-Plasma,ZIS22OE-02-M2-Plasma.hostseqprep,ZIS22OE-02-CGGCTATG-R1-Plasma,/srv/gsfs0/projects/iPoP/RNAseq/FASTQ/WZ03/P*/SCGPM_WZ03-P9_*_CGGCTATG_R1.fastq.gz,sha256sum /srv/gsfs0/projects/iPoP/RNAseq/FASTQ/WZ03/P*/SCGPM_WZ03-P9_*_CGGCTATG_R1.fastq.gz,#N/A,#N/A,SCGPM_WZ03-P9_*_CGGCTATG_R1.fastq.gz,3089016,echo '/srv/gsfs0/projects/iPoP/RNAseq/FASTQ/WZ03/P*/SCGPM_WZ03-P9_*_CGGCTATG_R1.fastq.gz|' ; find /srv/gsfs0/projects/iPoP/RNAseq/FASTQ/WZ03/P*/SCGPM_WZ03-P9_*_CGGCTATG_R1.fastq.gz -print,697b9e52634b48b986f3c0248368581c7437352b11cab8bd94c309f37ddd8d39,c68a8b619d09e4a42fa3a66c250f9e15,echo '/srv/gsfs0/projects/iPoP/RNAseq/FASTQ/WZ03/P*/SCGPM_WZ03-P9_*_CGGCTATG_R1.fastq.gz|' ; find /srv/gsfs0/projects/iPoP/RNAseq/FASTQ/WZ03/P*/SCGPM_WZ03-P9_*_CGGCTATG_R1.fastq.gz -print,/srv/gsfs0/projects/iPoP/RNAseq/FASTQ/WZ03/P9/SCGPM_WZ03-P9_C9LCM_L7_CGGCTATG_R1.fastq.gz,blood,FMA:7842
echo '/srv/gsfs0/projects/iPoP/RNAseq/FASTQ/*/*/SCGPM_WZ08-P7_*_GAATTCGT_R1.fastq.gz|' ; find /srv/gsfs0/projects/iPoP/RNAseq/FASTQ/*/*/SCGPM_WZ08-P7_*_GAATTCGT_R1.fastq.gz -print,69-001,69-001-29,/srv/gsfs0/projects/iPoP/RNAseq/FASTQ/*/*/SCGPM_WZ08-P7_*_GAATTCGT_R1.fastq.gz,1,29,#N/A,GAATTCGT,ZOZOW1T,ZOZOW1T-29,632,echo '/srv/gsfs0/projects/iPoP/RNAseq/FASTQ/*/*/SCGPM_WZ08-P7_*_GAATTCGT_R1.fastq.gz|' ; find /srv/gsfs0/projects/iPoP/RNAseq/FASTQ/*/*/SCGPM_WZ08-P7_*_GAATTCGT_R1.fastq.gz -print,ZOZOW1T-75_29_632,ZOZOW1T-29-Plasma,ZOZOW1T-29-Plasma.hostseqprep,ZOZOW1T-29-GAATTCGT-R1-Plasma,/srv/gsfs0/projects/iPoP/RNAseq/FASTQ/*/*/SCGPM_WZ08-P7_*_GAATTCGT_R1.fastq.gz,sha256sum /srv/gsfs0/projects/iPoP/RNAseq/FASTQ/*/*/SCGPM_WZ08-P7_*_GAATTCGT_R1.fastq.gz,88af6472fb03642dd5eaf8cddcee4d01,#N/A,SCGPM_WZ08-P7_*_GAATTCGT_R1.fastq.gz,3068824,echo '/srv/gsfs0/projects/iPoP/RNAseq/FASTQ/*/*/SCGPM_WZ08-P7_*_GAATTCGT_R1.fastq.gz|' ; find /srv/gsfs0/projects/iPoP/RNAseq/FASTQ/*/*/SCGPM_WZ08-P7_*_GAATTCGT_R1.fastq.gz -print,bf6e21b0cea98a79a2e5ac92404fe1b30340b5d87e0e46637e9d0615c4d41d81,937d8cc7a74f340ea40087aa0846a2b4,echo '/srv/gsfs0/projects/iPoP/RNAseq/FASTQ/*/*/SCGPM_WZ08-P7_*_GAATTCGT_R1.fastq.gz|' ; find /srv/gsfs0/projects/iPoP/RNAseq/FASTQ/*/*/SCGPM_WZ08-P7_*_GAATTCGT_R1.fastq.gz -print,/srv/gsfs0/projects/iPoP/RNAseq/FASTQ/WZ08/P7/SCGPM_WZ08-P7_CAWN7_L6_GAATTCGT_R1.fastq.gz,blood,FMA:7842
echo '/srv/gsfs0/projects/iPoP/RNAseq/FASTQ/*/*/SCGPM_WZ08-P11_*_TAATGCGC_R2.fastq.gz|' ; find /srv/gsfs0/projects/iPoP/RNAseq/FASTQ/*/*/SCGPM_WZ08-P11_*_TAATGCGC_R2.fastq.gz -print,69-001,69-001-50,/srv/gsfs0/projects/iPoP/RNAseq/FASTQ/*/*/SCGPM_WZ08-P11_*_TAATGCGC_R2.fastq.gz,2,50,#N/A,TAATGCGC,ZOZOW1T,ZOZOW1T-50,828,echo '/srv/gsfs0/projects/iPoP/RNAseq/FASTQ/*/*/SCGPM_WZ08-P11_*_TAATGCGC_R2.fastq.gz|' ; find /srv/gsfs0/projects/iPoP/RNAseq/FASTQ/*/*/SCGPM_WZ08-P11_*_TAATGCGC_R2.fastq.gz -print,ZOZOW1T-1010_50_828,ZOZOW1T-50-Plasma,ZOZOW1T-50-Plasma.hostseqprep,ZOZOW1T-50-TAATGCGC-R2-Plasma,/srv/gsfs0/projects/iPoP/RNAseq/FASTQ/*/*/SCGPM_WZ08-P11_*_TAATGCGC_R2.fastq.gz,sha256sum /srv/gsfs0/projects/iPoP/RNAseq/FASTQ/*/*/SCGPM_WZ08-P11_*_TAATGCGC_R2.fastq.gz,88af6472fb03642dd5eaf8cddcf56e47,#N/A,SCGPM_WZ08-P11_*_TAATGCGC_R2.fastq.gz,2854592,echo '/srv/gsfs0/projects/iPoP/RNAseq/FASTQ/*/*/SCGPM_WZ08-P11_*_TAATGCGC_R2.fastq.gz|' ; find /srv/gsfs0/projects/iPoP/RNAseq/FASTQ/*/*/SCGPM_WZ08-P11_*_TAATGCGC_R2.fastq.gz -print,4d84a7e193fde3ce72757286a23943636f6eb90cde076e63829b80a2175cc34e,f4578b3439d4558a1fe453f5bfa23dce,echo '/srv/gsfs0/projects/iPoP/RNAseq/FASTQ/*/*/SCGPM_WZ08-P11_*_TAATGCGC_R2.fastq.gz|' ; find /srv/gsfs0/projects/iPoP/RNAseq/FASTQ/*/*/SCGPM_WZ08-P11_*_TAATGCGC_R2.fastq.gz -print,/srv/gsfs0/projects/iPoP/RNAseq/FASTQ/WZ08/P11/SCGPM_WZ08-P11_CAP8P_L5_TAATGCGC_R2.fastq.gz,blood,FMA:7842
echo '/srv/gsfs0/projects/iPoP/RNAseq/FASTQ/*/*/SCGPM_WZ08-P11_*_CGGCTATG_R2.fastq.gz|' ; find /srv/gsfs0/projects/iPoP/RNAseq/FASTQ/*/*/SCGPM_WZ08-P11_*_CGGCTATG_R2.fastq.gz -print,69-001,69-001-27,/srv/gsfs0/projects/iPoP/RNAseq/FASTQ/*/*/SCGPM_WZ08-P11_*_CGGCTATG_R2.fastq.gz,2,27,#N/A,CGGCTATG,ZOZOW1T,ZOZOW1T-27,569,echo '/srv/gsfs0/projects/iPoP/RNAseq/FASTQ/*/*/SCGPM_WZ08-P11_*_CGGCTATG_R2.fastq.gz|' ; find /srv/gsfs0/projects/iPoP/RNAseq/FASTQ/*/*/SCGPM_WZ08-P11_*_CGGCTATG_R2.fastq.gz -print,ZOZOW1T-73_27_569,ZOZOW1T-27-Plasma,ZOZOW1T-27-Plasma.hostseqprep,ZOZOW1T-27-CGGCTATG-R2-Plasma,/srv/gsfs0/projects/iPoP/RNAseq/FASTQ/*/*/SCGPM_WZ08-P11_*_CGGCTATG_R2.fastq.gz,sha256sum /srv/gsfs0/projects/iPoP/RNAseq/FASTQ/*/*/SCGPM_WZ08-P11_*_CGGCTATG_R2.fastq.gz,88af6472fb03642dd5eaf8cddcee6655,#N/A,SCGPM_WZ08-P11_*_CGGCTATG_R2.fastq.gz,2817152,echo '/srv/gsfs0/projects/iPoP/RNAseq/FASTQ/*/*/SCGPM_WZ08-P11_*_CGGCTATG_R2.fastq.gz|' ; find /srv/gsfs0/projects/iPoP/RNAseq/FASTQ/*/*/SCGPM_WZ08-P11_*_CGGCTATG_R2.fastq.gz -print,837d7f00e86751edde45049ac68e6b7d5ce7aa3734a4cc1bda3e6de5c6057338,3785e83e1ae9fe40f6cd85c1bf73ad5c,echo '/srv/gsfs0/projects/iPoP/RNAseq/FASTQ/*/*/SCGPM_WZ08-P11_*_CGGCTATG_R2.fastq.gz|' ; find /srv/gsfs0/projects/iPoP/RNAseq/FASTQ/*/*/SCGPM_WZ08-P11_*_CGGCTATG_R2.fastq.gz -print,/srv/gsfs0/projects/iPoP/RNAseq/FASTQ/WZ08/P11/SCGPM_WZ08-P11_CAP8P_L5_CGGCTATG_R2.fastq.gz,blood,FMA:7842
echo '/srv/gsfs0/projects/iPoP/RNAseq/FASTQ/*/*/SCGPM_WZ08-P11_*_TAATGCGC_R1.fastq.gz|' ; find /srv/gsfs0/projects/iPoP/RNAseq/FASTQ/*/*/SCGPM_WZ08-P11_*_TAATGCGC_R1.fastq.gz -print,69-001,69-001-50,/srv/gsfs0/projects/iPoP/RNAseq/FASTQ/*/*/SCGPM_WZ08-P11_*_TAATGCGC_R1.fastq.gz,1,50,#N/A,TAATGCGC,ZOZOW1T,ZOZOW1T-50,828,echo '/srv/gsfs0/projects/iPoP/RNAseq/FASTQ/*/*/SCGPM_WZ08-P11_*_TAATGCGC_R1.fastq.gz|' ; find /srv/gsfs0/projects/iPoP/RNAseq/FASTQ/*/*/SCGPM_WZ08-P11_*_TAATGCGC_R1.fastq.gz -print,ZOZOW1T-1010_50_828,ZOZOW1T-50-Plasma,ZOZOW1T-50-Plasma.hostseqprep,ZOZOW1T-50-TAATGCGC-R1-Plasma,/srv/gsfs0/projects/iPoP/RNAseq/FASTQ/*/*/SCGPM_WZ08-P11_*_TAATGCGC_R1.fastq.gz,sha256sum /srv/gsfs0/projects/iPoP/RNAseq/FASTQ/*/*/SCGPM_WZ08-P11_*_TAATGCGC_R1.fastq.gz,88af6472fb03642dd5eaf8cddcf56e47,#N/A,SCGPM_WZ08-P11_*_TAATGCGC_R1.fastq.gz,2786072,echo '/srv/gsfs0/projects/iPoP/RNAseq/FASTQ/*/*/SCGPM_WZ08-P11_*_TAATGCGC_R1.fastq.gz|' ; find /srv/gsfs0/projects/iPoP/RNAseq/FASTQ/*/*/SCGPM_WZ08-P11_*_TAATGCGC_R1.fastq.gz -print,6c3e3207b1a7b25c381ee82c4f6251be5bf314bf59260eb14c663670f06ade9b,3ed02060d5f66deb740c94c4b8344aa2,echo '/srv/gsfs0/projects/iPoP/RNAseq/FASTQ/*/*/SCGPM_WZ08-P11_*_TAATGCGC_R1.fastq.gz|' ; find /srv/gsfs0/projects/iPoP/RNAseq/FASTQ/*/*/SCGPM_WZ08-P11_*_TAATGCGC_R1.fastq.gz -print,/srv/gsfs0/projects/iPoP/RNAseq/FASTQ/WZ08/P11/SCGPM_WZ08-P11_CAP8P_L5_TAATGCGC_R1.fastq.gz,blood,FMA:7842
echo '/srv/gsfs0/projects/iPoP/RNAseq/FASTQ/*/*/SCGPM_WZ08-P11_*_CGGCTATG_R1.fastq.gz|' ; find /srv/gsfs0/projects/iPoP/RNAseq/FASTQ/*/*/SCGPM_WZ08-P11_*_CGGCTATG_R1.fastq.gz -print,69-001,69-001-27,/srv/gsfs0/projects/iPoP/RNAseq/FASTQ/*/*/SCGPM_WZ08-P11_*_CGGCTATG_R1.fastq.gz,1,27,#N/A,CGGCTATG,ZOZOW1T,ZOZOW1T-27,569,echo '/srv/gsfs0/projects/iPoP/RNAseq/FASTQ/*/*/SCGPM_WZ08-P11_*_CGGCTATG_R1.fastq.gz|' ; find /srv/gsfs0/projects/iPoP/RNAseq/FASTQ/*/*/SCGPM_WZ08-P11_*_CGGCTATG_R1.fastq.gz -print,ZOZOW1T-73_27_569,ZOZOW1T-27-Plasma,ZOZOW1T-27-Plasma.hostseqprep,ZOZOW1T-27-CGGCTATG-R1-Plasma,/srv/gsfs0/projects/iPoP/RNAseq/FASTQ/*/*/SCGPM_WZ08-P11_*_CGGCTATG_R1.fastq.gz,sha256sum /srv/gsfs0/projects/iPoP/RNAseq/FASTQ/*/*/SCGPM_WZ08-P11_*_CGGCTATG_R1.fastq.gz,88af6472fb03642dd5eaf8cddcee6655,#N/A,SCGPM_WZ08-P11_*_CGGCTATG_R1.fastq.gz,2781488,echo '/srv/gsfs0/projects/iPoP/RNAseq/FASTQ/*/*/SCGPM_WZ08-P11_*_CGGCTATG_R1.fastq.gz|' ; find /srv/gsfs0/projects/iPoP/RNAseq/FASTQ/*/*/SCGPM_WZ08-P11_*_CGGCTATG_R1.fastq.gz -print,3f58b53be73b4949f7872bdef5620c74de2cd7cd491753b9b95492687fe94f02,29292b1cb5e4836aa5e8090c8863f7e9,echo '/srv/gsfs0/projects/iPoP/RNAseq/FASTQ/*/*/SCGPM_WZ08-P11_*_CGGCTATG_R1.fastq.gz|' ; find /srv/gsfs0/projects/iPoP/RNAseq/FASTQ/*/*/SCGPM_WZ08-P11_*_CGGCTATG_R1.fastq.gz -print,/srv/gsfs0/projects/iPoP/RNAseq/FASTQ/WZ08/P11/SCGPM_WZ08-P11_CAP8P_L5_CGGCTATG_R1.fastq.gz,blood,FMA:7842
echo '/srv/gsfs0/projects/iPoP/RNAseq/FASTQ/*/*/SCGPM_WZ08-P12_*_TAATGCGC_R2.fastq.gz|' ; find /srv/gsfs0/projects/iPoP/RNAseq/FASTQ/*/*/SCGPM_WZ08-P12_*_TAATGCGC_R2.fastq.gz -print,69-001,69-001-33,/srv/gsfs0/projects/iPoP/RNAseq/FASTQ/*/*/SCGPM_WZ08-P12_*_TAATGCGC_R2.fastq.gz,2,33,#N/A,TAATGCGC,ZOZOW1T,ZOZOW1T-33,680,echo '/srv/gsfs0/projects/iPoP/RNAseq/FASTQ/*/*/SCGPM_WZ08-P12_*_TAATGCGC_R2.fastq.gz|' ; find /srv/gsfs0/projects/iPoP/RNAseq/FASTQ/*/*/SCGPM_WZ08-P12_*_TAATGCGC_R2.fastq.gz -print,ZOZOW1T-78_33_680,ZOZOW1T-33-Plasma,ZOZOW1T-33-Plasma.hostseqprep,ZOZOW1T-33-TAATGCGC-R2-Plasma,/srv/gsfs0/projects/iPoP/RNAseq/FASTQ/*/*/SCGPM_WZ08-P12_*_TAATGCGC_R2.fastq.gz,sha256sum /srv/gsfs0/projects/iPoP/RNAseq/FASTQ/*/*/SCGPM_WZ08-P12_*_TAATGCGC_R2.fastq.gz,88af6472fb03642dd5eaf8cddcee15a0,#N/A,SCGPM_WZ08-P12_*_TAATGCGC_R2.fastq.gz,2499192,echo '/srv/gsfs0/projects/iPoP/RNAseq/FASTQ/*/*/SCGPM_WZ08-P12_*_TAATGCGC_R2.fastq.gz|' ; find /srv/gsfs0/projects/iPoP/RNAseq/FASTQ/*/*/SCGPM_WZ08-P12_*_TAATGCGC_R2.fastq.gz -print,16e2ef9c1f62b9d4d8fbad0d6bcbb24ec20118215d066e3d989f91997f36d148,4837bf9e0da857d65748c779719bd854,echo '/srv/gsfs0/projects/iPoP/RNAseq/FASTQ/*/*/SCGPM_WZ08-P12_*_TAATGCGC_R2.fastq.gz|' ; find /srv/gsfs0/projects/iPoP/RNAseq/FASTQ/*/*/SCGPM_WZ08-P12_*_TAATGCGC_R2.fastq.gz -print,/srv/gsfs0/projects/iPoP/RNAseq/FASTQ/WZ08/P12/SCGPM_WZ08-P12_CAP8P_L6_TAATGCGC_R2.fastq.gz,blood,FMA:7842
echo '/srv/gsfs0/projects/iPoP/RNAseq/FASTQ/*/*/SCGPM_WZ08-P12_*_TAATGCGC_R1.fastq.gz|' ; find /srv/gsfs0/projects/iPoP/RNAseq/FASTQ/*/*/SCGPM_WZ08-P12_*_TAATGCGC_R1.fastq.gz -print,69-001,69-001-33,/srv/gsfs0/projects/iPoP/RNAseq/FASTQ/*/*/SCGPM_WZ08-P12_*_TAATGCGC_R1.fastq.gz,1,33,#N/A,TAATGCGC,ZOZOW1T,ZOZOW1T-33,680,echo '/srv/gsfs0/projects/iPoP/RNAseq/FASTQ/*/*/SCGPM_WZ08-P12_*_TAATGCGC_R1.fastq.gz|' ; find /srv/gsfs0/projects/iPoP/RNAseq/FASTQ/*/*/SCGPM_WZ08-P12_*_TAATGCGC_R1.fastq.gz -print,ZOZOW1T-78_33_680,ZOZOW1T-33-Plasma,ZOZOW1T-33-Plasma.hostseqprep,ZOZOW1T-33-TAATGCGC-R1-Plasma,/srv/gsfs0/projects/iPoP/RNAseq/FASTQ/*/*/SCGPM_WZ08-P12_*_TAATGCGC_R1.fastq.gz,sha256sum /srv/gsfs0/projects/iPoP/RNAseq/FASTQ/*/*/SCGPM_WZ08-P12_*_TAATGCGC_R1.fastq.gz,88af6472fb03642dd5eaf8cddcee15a0,#N/A,SCGPM_WZ08-P12_*_TAATGCGC_R1.fastq.gz,2482368,echo '/srv/gsfs0/projects/iPoP/RNAseq/FASTQ/*/*/SCGPM_WZ08-P12_*_TAATGCGC_R1.fastq.gz|' ; find /srv/gsfs0/projects/iPoP/RNAseq/FASTQ/*/*/SCGPM_WZ08-P12_*_TAATGCGC_R1.fastq.gz -print,2bfc5eb26de1cd3dbe87829868699beec3bc3393ccbdecf2c7b94c6b71f491cb,091d8fe143b34d4bf0b1825186d56e6e,echo '/srv/gsfs0/projects/iPoP/RNAseq/FASTQ/*/*/SCGPM_WZ08-P12_*_TAATGCGC_R1.fastq.gz|' ; find /srv/gsfs0/projects/iPoP/RNAseq/FASTQ/*/*/SCGPM_WZ08-P12_*_TAATGCGC_R1.fastq.gz -print,/srv/gsfs0/projects/iPoP/RNAseq/FASTQ/WZ08/P12/SCGPM_WZ08-P12_CAP8P_L6_TAATGCGC_R1.fastq.gz,blood,FMA:7842
echo '/srv/gsfs0/projects/iPoP/RNAseq/FASTQ/*/*/SCGPM_WZ08-P12_*_CTGAAGCT_R2.fastq.gz|' ; find /srv/gsfs0/projects/iPoP/RNAseq/FASTQ/*/*/SCGPM_WZ08-P12_*_CTGAAGCT_R2.fastq.gz -print,69-001,69-001-42,/srv/gsfs0/projects/iPoP/RNAseq/FASTQ/*/*/SCGPM_WZ08-P12_*_CTGAAGCT_R2.fastq.gz,2,42,#N/A,CTGAAGCT,ZOZOW1T,ZOZOW1T-42,811,echo '/srv/gsfs0/projects/iPoP/RNAseq/FASTQ/*/*/SCGPM_WZ08-P12_*_CTGAAGCT_R2.fastq.gz|' ; find /srv/gsfs0/projects/iPoP/RNAseq/FASTQ/*/*/SCGPM_WZ08-P12_*_CTGAAGCT_R2.fastq.gz -print,ZOZOW1T-6011_42_811,ZOZOW1T-42-Plasma,ZOZOW1T-42-Plasma.hostseqprep,ZOZOW1T-42-CTGAAGCT-R2-Plasma,/srv/gsfs0/projects/iPoP/RNAseq/FASTQ/*/*/SCGPM_WZ08-P12_*_CTGAAGCT_R2.fastq.gz,sha256sum /srv/gsfs0/projects/iPoP/RNAseq/FASTQ/*/*/SCGPM_WZ08-P12_*_CTGAAGCT_R2.fastq.gz,88af6472fb03642dd5eaf8cddcf4da09,#N/A,SCGPM_WZ08-P12_*_CTGAAGCT_R2.fastq.gz,2394048,echo '/srv/gsfs0/projects/iPoP/RNAseq/FASTQ/*/*/SCGPM_WZ08-P12_*_CTGAAGCT_R2.fastq.gz|' ; find /srv/gsfs0/projects/iPoP/RNAseq/FASTQ/*/*/SCGPM_WZ08-P12_*_CTGAAGCT_R2.fastq.gz -print,ff692bca13cf71b0c75cdf14e28d5b2a7c0f4131a10d44ea29654737f58d2f12,cab07d649ac4b1a06044b8e359c1381f,echo '/srv/gsfs0/projects/iPoP/RNAseq/FASTQ/*/*/SCGPM_WZ08-P12_*_CTGAAGCT_R2.fastq.gz|' ; find /srv/gsfs0/projects/iPoP/RNAseq/FASTQ/*/*/SCGPM_WZ08-P12_*_CTGAAGCT_R2.fastq.gz -print,/srv/gsfs0/projects/iPoP/RNAseq/FASTQ/WZ08/P12/SCGPM_WZ08-P12_CAP8P_L6_CTGAAGCT_R2.fastq.gz,blood,FMA:7842
echo '/srv/gsfs0/projects/iPoP/RNAseq/FASTQ/*/*/SCGPM_WZ08-P12_*_CTGAAGCT_R1.fastq.gz|' ; find /srv/gsfs0/projects/iPoP/RNAseq/FASTQ/*/*/SCGPM_WZ08-P12_*_CTGAAGCT_R1.fastq.gz -print,69-001,69-001-42,/srv/gsfs0/projects/iPoP/RNAseq/FASTQ/*/*/SCGPM_WZ08-P12_*_CTGAAGCT_R1.fastq.gz,1,42,#N/A,CTGAAGCT,ZOZOW1T,ZOZOW1T-42,811,echo '/srv/gsfs0/projects/iPoP/RNAseq/FASTQ/*/*/SCGPM_WZ08-P12_*_CTGAAGCT_R1.fastq.gz|' ; find /srv/gsfs0/projects/iPoP/RNAseq/FASTQ/*/*/SCGPM_WZ08-P12_*_CTGAAGCT_R1.fastq.gz -print,ZOZOW1T-6011_42_811,ZOZOW1T-42-Plasma,ZOZOW1T-42-Plasma.hostseqprep,ZOZOW1T-42-CTGAAGCT-R1-Plasma,/srv/gsfs0/projects/iPoP/RNAseq/FASTQ/*/*/SCGPM_WZ08-P12_*_CTGAAGCT_R1.fastq.gz,sha256sum /srv/gsfs0/projects/iPoP/RNAseq/FASTQ/*/*/SCGPM_WZ08-P12_*_CTGAAGCT_R1.fastq.gz,88af6472fb03642dd5eaf8cddcf4da09,#N/A,SCGPM_WZ08-P12_*_CTGAAGCT_R1.fastq.gz,2373192,echo '/srv/gsfs0/projects/iPoP/RNAseq/FASTQ/*/*/SCGPM_WZ08-P12_*_CTGAAGCT_R1.fastq.gz|' ; find /srv/gsfs0/projects/iPoP/RNAseq/FASTQ/*/*/SCGPM_WZ08-P12_*_CTGAAGCT_R1.fastq.gz -print,2465a020ab82aaf60a52a1a563dddf263c70eab3f931a9d2cecd0f7710c220b4,e54e27ff8b6a0b01f6e6eac98fa2d88e,echo '/srv/gsfs0/projects/iPoP/RNAseq/FASTQ/*/*/SCGPM_WZ08-P12_*_CTGAAGCT_R1.fastq.gz|' ; find /srv/gsfs0/projects/iPoP/RNAseq/FASTQ/*/*/SCGPM_WZ08-P12_*_CTGAAGCT_R1.fastq.gz -print,/srv/gsfs0/projects/iPoP/RNAseq/FASTQ/WZ08/P12/SCGPM_WZ08-P12_CAP8P_L6_CTGAAGCT_R1.fastq.gz,blood,FMA:7842
echo '/srv/gsfs0/projects/iPoP/RNAseq/FASTQ/WZ04/*/SCGPM_WZ04-P11_*_TAATGCGC_R2.fastq.gz|' ; find /srv/gsfs0/projects/iPoP/RNAseq/FASTQ/WZ04/*/SCGPM_WZ04-P11_*_TAATGCGC_R2.fastq.gz -print,69-001,69-001-6937,/srv/gsfs0/projects/iPoP/RNAseq/FASTQ/WZ04/*/SCGPM_WZ04-P11_*_TAATGCGC_R2.fastq.gz,2,6937,#N/A,TAATGCGC,ZOZOW1T,ZOZOW1T-6937,#N/A,echo '/srv/gsfs0/projects/iPoP/RNAseq/FASTQ/WZ04/*/SCGPM_WZ04-P11_*_TAATGCGC_R2.fastq.gz|' ; find /srv/gsfs0/projects/iPoP/RNAseq/FASTQ/WZ04/*/SCGPM_WZ04-P11_*_TAATGCGC_R2.fastq.gz -print,#N/A,ZOZOW1T-6937-Plasma,ZOZOW1T-6937-Plasma.hostseqprep,ZOZOW1T-6937-TAATGCGC-R2-Plasma,/srv/gsfs0/projects/iPoP/RNAseq/FASTQ/WZ04/*/SCGPM_WZ04-P11_*_TAATGCGC_R2.fastq.gz,sha256sum /srv/gsfs0/projects/iPoP/RNAseq/FASTQ/WZ04/*/SCGPM_WZ04-P11_*_TAATGCGC_R2.fastq.gz,#N/A,#N/A,SCGPM_WZ04-P11_*_TAATGCGC_R2.fastq.gz,2279072,echo '/srv/gsfs0/projects/iPoP/RNAseq/FASTQ/WZ04/*/SCGPM_WZ04-P11_*_TAATGCGC_R2.fastq.gz|' ; find /srv/gsfs0/projects/iPoP/RNAseq/FASTQ/WZ04/*/SCGPM_WZ04-P11_*_TAATGCGC_R2.fastq.gz -print,87d34cc1b96b577fb1c556381437f5a862e62d5b39c099748a1f16fb81c22ad1,e97eef26b1e071e7c761e54cadf74b48,echo '/srv/gsfs0/projects/iPoP/RNAseq/FASTQ/WZ04/*/SCGPM_WZ04-P11_*_TAATGCGC_R2.fastq.gz|' ; find /srv/gsfs0/projects/iPoP/RNAseq/FASTQ/WZ04/*/SCGPM_WZ04-P11_*_TAATGCGC_R2.fastq.gz -print,/srv/gsfs0/projects/iPoP/RNAseq/FASTQ/WZ04/P11/SCGPM_WZ04-P11_C9GV1_L1_TAATGCGC_R2.fastq.gz,blood,FMA:7842
echo '/srv/gsfs0/projects/iPoP/RNAseq/FASTQ/*/*/SCGPM_WZ08-P12_*_TCCGCGAA_R2.fastq.gz|' ; find /srv/gsfs0/projects/iPoP/RNAseq/FASTQ/*/*/SCGPM_WZ08-P12_*_TCCGCGAA_R2.fastq.gz -print,69-097,69-097-7046,/srv/gsfs0/projects/iPoP/RNAseq/FASTQ/*/*/SCGPM_WZ08-P12_*_TCCGCGAA_R2.fastq.gz,2,7046,#N/A,TCCGCGAA,ZSQNUZ5,ZSQNUZ5-7046,#N/A,echo '/srv/gsfs0/projects/iPoP/RNAseq/FASTQ/*/*/SCGPM_WZ08-P12_*_TCCGCGAA_R2.fastq.gz|' ; find /srv/gsfs0/projects/iPoP/RNAseq/FASTQ/*/*/SCGPM_WZ08-P12_*_TCCGCGAA_R2.fastq.gz -print,#N/A,ZSQNUZ5-7046-Plasma,ZSQNUZ5-7046-Plasma.hostseqprep,ZSQNUZ5-7046-TCCGCGAA-R2-Plasma,/srv/gsfs0/projects/iPoP/RNAseq/FASTQ/*/*/SCGPM_WZ08-P12_*_TCCGCGAA_R2.fastq.gz,sha256sum /srv/gsfs0/projects/iPoP/RNAseq/FASTQ/*/*/SCGPM_WZ08-P12_*_TCCGCGAA_R2.fastq.gz,#N/A,#N/A,SCGPM_WZ08-P12_*_TCCGCGAA_R2.fastq.gz,2278904,echo '/srv/gsfs0/projects/iPoP/RNAseq/FASTQ/*/*/SCGPM_WZ08-P12_*_TCCGCGAA_R2.fastq.gz|' ; find /srv/gsfs0/projects/iPoP/RNAseq/FASTQ/*/*/SCGPM_WZ08-P12_*_TCCGCGAA_R2.fastq.gz -print,746eb7e924d100842aa83f126f4021416710cd89da0cf02dc79cb92d58716b92,f54f23f1649ff2b12d837de48c6d56a5,echo '/srv/gsfs0/projects/iPoP/RNAseq/FASTQ/*/*/SCGPM_WZ08-P12_*_TCCGCGAA_R2.fastq.gz|' ; find /srv/gsfs0/projects/iPoP/RNAseq/FASTQ/*/*/SCGPM_WZ08-P12_*_TCCGCGAA_R2.fastq.gz -print,/srv/gsfs0/projects/iPoP/RNAseq/FASTQ/WZ08/P12/SCGPM_WZ08-P12_CAP8P_L6_TCCGCGAA_R2.fastq.gz,blood,FMA:7842
echo '/srv/gsfs0/projects/iPoP/RNAseq/FASTQ/*/*/SCGPM_WZ08-P12_*_TCCGCGAA_R1.fastq.gz|' ; find /srv/gsfs0/projects/iPoP/RNAseq/FASTQ/*/*/SCGPM_WZ08-P12_*_TCCGCGAA_R1.fastq.gz -print,69-097,69-097-7046,/srv/gsfs0/projects/iPoP/RNAseq/FASTQ/*/*/SCGPM_WZ08-P12_*_TCCGCGAA_R1.fastq.gz,1,7046,#N/A,TCCGCGAA,ZSQNUZ5,ZSQNUZ5-7046,#N/A,echo '/srv/gsfs0/projects/iPoP/RNAseq/FASTQ/*/*/SCGPM_WZ08-P12_*_TCCGCGAA_R1.fastq.gz|' ; find /srv/gsfs0/projects/iPoP/RNAseq/FASTQ/*/*/SCGPM_WZ08-P12_*_TCCGCGAA_R1.fastq.gz -print,#N/A,ZSQNUZ5-7046-Plasma,ZSQNUZ5-7046-Plasma.hostseqprep,ZSQNUZ5-7046-TCCGCGAA-R1-Plasma,/srv/gsfs0/projects/iPoP/RNAseq/FASTQ/*/*/SCGPM_WZ08-P12_*_TCCGCGAA_R1.fastq.gz,sha256sum /srv/gsfs0/projects/iPoP/RNAseq/FASTQ/*/*/SCGPM_WZ08-P12_*_TCCGCGAA_R1.fastq.gz,#N/A,#N/A,SCGPM_WZ08-P12_*_TCCGCGAA_R1.fastq.gz,2256448,echo '/srv/gsfs0/projects/iPoP/RNAseq/FASTQ/*/*/SCGPM_WZ08-P12_*_TCCGCGAA_R1.fastq.gz|' ; find /srv/gsfs0/projects/iPoP/RNAseq/FASTQ/*/*/SCGPM_WZ08-P12_*_TCCGCGAA_R1.fastq.gz -print,d37816bd9fa36ea29c13c8326294c57e30dd19aef48d4d3c2674a379b64a30bc,f6a0803ecbd398feafade524ad3e2c37,echo '/srv/gsfs0/projects/iPoP/RNAseq/FASTQ/*/*/SCGPM_WZ08-P12_*_TCCGCGAA_R1.fastq.gz|' ; find /srv/gsfs0/projects/iPoP/RNAseq/FASTQ/*/*/SCGPM_WZ08-P12_*_TCCGCGAA_R1.fastq.gz -print,/srv/gsfs0/projects/iPoP/RNAseq/FASTQ/WZ08/P12/SCGPM_WZ08-P12_CAP8P_L6_TCCGCGAA_R1.fastq.gz,blood,FMA:7842
echo '/srv/gsfs0/projects/iPoP/RNAseq/FASTQ/*/*/SCGPM_WZ08-P12_*_AGCGATAG_R2.fastq.gz|' ; find /srv/gsfs0/projects/iPoP/RNAseq/FASTQ/*/*/SCGPM_WZ08-P12_*_AGCGATAG_R2.fastq.gz -print,69-039,69-039-2022,/srv/gsfs0/projects/iPoP/RNAseq/FASTQ/*/*/SCGPM_WZ08-P12_*_AGCGATAG_R2.fastq.gz,2,2022,#N/A,AGCGATAG,ZLYEM2C,ZLYEM2C-2022,#N/A,echo '/srv/gsfs0/projects/iPoP/RNAseq/FASTQ/*/*/SCGPM_WZ08-P12_*_AGCGATAG_R2.fastq.gz|' ; find /srv/gsfs0/projects/iPoP/RNAseq/FASTQ/*/*/SCGPM_WZ08-P12_*_AGCGATAG_R2.fastq.gz -print,#N/A,ZLYEM2C-2022-Plasma,ZLYEM2C-2022-Plasma.hostseqprep,ZLYEM2C-2022-AGCGATAG-R2-Plasma,/srv/gsfs0/projects/iPoP/RNAseq/FASTQ/*/*/SCGPM_WZ08-P12_*_AGCGATAG_R2.fastq.gz,sha256sum /srv/gsfs0/projects/iPoP/RNAseq/FASTQ/*/*/SCGPM_WZ08-P12_*_AGCGATAG_R2.fastq.gz,#N/A,#N/A,SCGPM_WZ08-P12_*_AGCGATAG_R2.fastq.gz,2255336,echo '/srv/gsfs0/projects/iPoP/RNAseq/FASTQ/*/*/SCGPM_WZ08-P12_*_AGCGATAG_R2.fastq.gz|' ; find /srv/gsfs0/projects/iPoP/RNAseq/FASTQ/*/*/SCGPM_WZ08-P12_*_AGCGATAG_R2.fastq.gz -print,06fa0d3f81d2f1bf36f452e036b1bff3ec8c07ae8f713f16a230a441076c58e8,d24c1b5a2b70aece66605932ba142ef3,echo '/srv/gsfs0/projects/iPoP/RNAseq/FASTQ/*/*/SCGPM_WZ08-P12_*_AGCGATAG_R2.fastq.gz|' ; find /srv/gsfs0/projects/iPoP/RNAseq/FASTQ/*/*/SCGPM_WZ08-P12_*_AGCGATAG_R2.fastq.gz -print,/srv/gsfs0/projects/iPoP/RNAseq/FASTQ/WZ08/P12/SCGPM_WZ08-P12_CAP8P_L6_AGCGATAG_R2.fastq.gz,blood,FMA:7842
echo '/srv/gsfs0/projects/iPoP/RNAseq/FASTQ/*/*/SCGPM_WZ08-P8_*_GAATTCGT_R2.fastq.gz|' ; find /srv/gsfs0/projects/iPoP/RNAseq/FASTQ/*/*/SCGPM_WZ08-P8_*_GAATTCGT_R2.fastq.gz -print,69-001,69-001-37,/srv/gsfs0/projects/iPoP/RNAseq/FASTQ/*/*/SCGPM_WZ08-P8_*_GAATTCGT_R2.fastq.gz,2,37,#N/A,GAATTCGT,ZOZOW1T,ZOZOW1T-37,744,echo '/srv/gsfs0/projects/iPoP/RNAseq/FASTQ/*/*/SCGPM_WZ08-P8_*_GAATTCGT_R2.fastq.gz|' ; find /srv/gsfs0/projects/iPoP/RNAseq/FASTQ/*/*/SCGPM_WZ08-P8_*_GAATTCGT_R2.fastq.gz -print,ZOZOW1T-4011_37_744,ZOZOW1T-37-Plasma,ZOZOW1T-37-Plasma.hostseqprep,ZOZOW1T-37-GAATTCGT-R2-Plasma,/srv/gsfs0/projects/iPoP/RNAseq/FASTQ/*/*/SCGPM_WZ08-P8_*_GAATTCGT_R2.fastq.gz,sha256sum /srv/gsfs0/projects/iPoP/RNAseq/FASTQ/*/*/SCGPM_WZ08-P8_*_GAATTCGT_R2.fastq.gz,88af6472fb03642dd5eaf8cddceddf05,#N/A,SCGPM_WZ08-P8_*_GAATTCGT_R2.fastq.gz,2252768,echo '/srv/gsfs0/projects/iPoP/RNAseq/FASTQ/*/*/SCGPM_WZ08-P8_*_GAATTCGT_R2.fastq.gz|' ; find /srv/gsfs0/projects/iPoP/RNAseq/FASTQ/*/*/SCGPM_WZ08-P8_*_GAATTCGT_R2.fastq.gz -print,27e990afd1ea155990bec7bc201c5c8eba455a0f98ef4750e64558e28d070be3,420845303551d111f3a8fd422a2c9a57,echo '/srv/gsfs0/projects/iPoP/RNAseq/FASTQ/*/*/SCGPM_WZ08-P8_*_GAATTCGT_R2.fastq.gz|' ; find /srv/gsfs0/projects/iPoP/RNAseq/FASTQ/*/*/SCGPM_WZ08-P8_*_GAATTCGT_R2.fastq.gz -print,/srv/gsfs0/projects/iPoP/RNAseq/FASTQ/WZ08/P8/SCGPM_WZ08-P8_CAWN7_L7_GAATTCGT_R2.fastq.gz,blood,FMA:7842
echo '/srv/gsfs0/projects/iPoP/RNAseq/FASTQ/WZ04/*/SCGPM_WZ04-P11_*_TAATGCGC_R1.fastq.gz|' ; find /srv/gsfs0/projects/iPoP/RNAseq/FASTQ/WZ04/*/SCGPM_WZ04-P11_*_TAATGCGC_R1.fastq.gz -print,69-001,69-001-6937,/srv/gsfs0/projects/iPoP/RNAseq/FASTQ/WZ04/*/SCGPM_WZ04-P11_*_TAATGCGC_R1.fastq.gz,1,6937,#N/A,TAATGCGC,ZOZOW1T,ZOZOW1T-6937,#N/A,echo '/srv/gsfs0/projects/iPoP/RNAseq/FASTQ/WZ04/*/SCGPM_WZ04-P11_*_TAATGCGC_R1.fastq.gz|' ; find /srv/gsfs0/projects/iPoP/RNAseq/FASTQ/WZ04/*/SCGPM_WZ04-P11_*_TAATGCGC_R1.fastq.gz -print,#N/A,ZOZOW1T-6937-Plasma,ZOZOW1T-6937-Plasma.hostseqprep,ZOZOW1T-6937-TAATGCGC-R1-Plasma,/srv/gsfs0/projects/iPoP/RNAseq/FASTQ/WZ04/*/SCGPM_WZ04-P11_*_TAATGCGC_R1.fastq.gz,sha256sum /srv/gsfs0/projects/iPoP/RNAseq/FASTQ/WZ04/*/SCGPM_WZ04-P11_*_TAATGCGC_R1.fastq.gz,#N/A,#N/A,SCGPM_WZ04-P11_*_TAATGCGC_R1.fastq.gz,2238352,echo '/srv/gsfs0/projects/iPoP/RNAseq/FASTQ/WZ04/*/SCGPM_WZ04-P11_*_TAATGCGC_R1.fastq.gz|' ; find /srv/gsfs0/projects/iPoP/RNAseq/FASTQ/WZ04/*/SCGPM_WZ04-P11_*_TAATGCGC_R1.fastq.gz -print,1ab6f177fc5daab8779bf307e7d38fa98fb399a15173f16239d149fd7d747f1b,11807ba0a870b42986744b084debe28a,echo '/srv/gsfs0/projects/iPoP/RNAseq/FASTQ/WZ04/*/SCGPM_WZ04-P11_*_TAATGCGC_R1.fastq.gz|' ; find /srv/gsfs0/projects/iPoP/RNAseq/FASTQ/WZ04/*/SCGPM_WZ04-P11_*_TAATGCGC_R1.fastq.gz -print,/srv/gsfs0/projects/iPoP/RNAseq/FASTQ/WZ04/P11/SCGPM_WZ04-P11_C9GV1_L1_TAATGCGC_R1.fastq.gz,blood,FMA:7842
echo '/srv/gsfs0/projects/iPoP/RNAseq/FASTQ/*/*/SCGPM_WZ08-P12_*_AGCGATAG_R1.fastq.gz|' ; find /srv/gsfs0/projects/iPoP/RNAseq/FASTQ/*/*/SCGPM_WZ08-P12_*_AGCGATAG_R1.fastq.gz -print,69-039,69-039-2022,/srv/gsfs0/projects/iPoP/RNAseq/FASTQ/*/*/SCGPM_WZ08-P12_*_AGCGATAG_R1.fastq.gz,1,2022,#N/A,AGCGATAG,ZLYEM2C,ZLYEM2C-2022,#N/A,echo '/srv/gsfs0/projects/iPoP/RNAseq/FASTQ/*/*/SCGPM_WZ08-P12_*_AGCGATAG_R1.fastq.gz|' ; find /srv/gsfs0/projects/iPoP/RNAseq/FASTQ/*/*/SCGPM_WZ08-P12_*_AGCGATAG_R1.fastq.gz -print,#N/A,ZLYEM2C-2022-Plasma,ZLYEM2C-2022-Plasma.hostseqprep,ZLYEM2C-2022-AGCGATAG-R1-Plasma,/srv/gsfs0/projects/iPoP/RNAseq/FASTQ/*/*/SCGPM_WZ08-P12_*_AGCGATAG_R1.fastq.gz,sha256sum /srv/gsfs0/projects/iPoP/RNAseq/FASTQ/*/*/SCGPM_WZ08-P12_*_AGCGATAG_R1.fastq.gz,#N/A,#N/A,SCGPM_WZ08-P12_*_AGCGATAG_R1.fastq.gz,2210336,echo '/srv/gsfs0/projects/iPoP/RNAseq/FASTQ/*/*/SCGPM_WZ08-P12_*_AGCGATAG_R1.fastq.gz|' ; find /srv/gsfs0/projects/iPoP/RNAseq/FASTQ/*/*/SCGPM_WZ08-P12_*_AGCGATAG_R1.fastq.gz -print,7a16a6562e38f71e9afaa0e45a9afee5c1f12e1247ee873a0a742c002c43dfb5,ecf7147832736799bafe49b1feffae9f,echo '/srv/gsfs0/projects/iPoP/RNAseq/FASTQ/*/*/SCGPM_WZ08-P12_*_AGCGATAG_R1.fastq.gz|' ; find /srv/gsfs0/projects/iPoP/RNAseq/FASTQ/*/*/SCGPM_WZ08-P12_*_AGCGATAG_R1.fastq.gz -print,/srv/gsfs0/projects/iPoP/RNAseq/FASTQ/WZ08/P12/SCGPM_WZ08-P12_CAP8P_L6_AGCGATAG_R1.fastq.gz,blood,FMA:7842
echo '/srv/gsfs0/projects/iPoP/RNAseq/FASTQ/*/*/SCGPM_WZ08-P8_*_GAATTCGT_R1.fastq.gz|' ; find /srv/gsfs0/projects/iPoP/RNAseq/FASTQ/*/*/SCGPM_WZ08-P8_*_GAATTCGT_R1.fastq.gz -print,69-001,69-001-37,/srv/gsfs0/projects/iPoP/RNAseq/FASTQ/*/*/SCGPM_WZ08-P8_*_GAATTCGT_R1.fastq.gz,1,37,#N/A,GAATTCGT,ZOZOW1T,ZOZOW1T-37,744,echo '/srv/gsfs0/projects/iPoP/RNAseq/FASTQ/*/*/SCGPM_WZ08-P8_*_GAATTCGT_R1.fastq.gz|' ; find /srv/gsfs0/projects/iPoP/RNAseq/FASTQ/*/*/SCGPM_WZ08-P8_*_GAATTCGT_R1.fastq.gz -print,ZOZOW1T-4011_37_744,ZOZOW1T-37-Plasma,ZOZOW1T-37-Plasma.hostseqprep,ZOZOW1T-37-GAATTCGT-R1-Plasma,/srv/gsfs0/projects/iPoP/RNAseq/FASTQ/*/*/SCGPM_WZ08-P8_*_GAATTCGT_R1.fastq.gz,sha256sum /srv/gsfs0/projects/iPoP/RNAseq/FASTQ/*/*/SCGPM_WZ08-P8_*_GAATTCGT_R1.fastq.gz,88af6472fb03642dd5eaf8cddceddf05,#N/A,SCGPM_WZ08-P8_*_GAATTCGT_R1.fastq.gz,2176176,echo '/srv/gsfs0/projects/iPoP/RNAseq/FASTQ/*/*/SCGPM_WZ08-P8_*_GAATTCGT_R1.fastq.gz|' ; find /srv/gsfs0/projects/iPoP/RNAseq/FASTQ/*/*/SCGPM_WZ08-P8_*_GAATTCGT_R1.fastq.gz -print,7750bdc1e0ee57804fde6763133d87e126579a551dc72fa55e8fc2c6533ff119,0e2c066ff7bd70dbedb0b8e7834e105e,echo '/srv/gsfs0/projects/iPoP/RNAseq/FASTQ/*/*/SCGPM_WZ08-P8_*_GAATTCGT_R1.fastq.gz|' ; find /srv/gsfs0/projects/iPoP/RNAseq/FASTQ/*/*/SCGPM_WZ08-P8_*_GAATTCGT_R1.fastq.gz -print,/srv/gsfs0/projects/iPoP/RNAseq/FASTQ/WZ08/P8/SCGPM_WZ08-P8_CAWN7_L7_GAATTCGT_R1.fastq.gz,blood,FMA:7842
echo '/srv/gsfs0/projects/iPoP/RNAseq/FASTQ/*/*/SCGPM_WZ08-P12_*_CGGCTATG_R2.fastq.gz|' ; find /srv/gsfs0/projects/iPoP/RNAseq/FASTQ/*/*/SCGPM_WZ08-P12_*_CGGCTATG_R2.fastq.gz -print,69-001,69-001-26,/srv/gsfs0/projects/iPoP/RNAseq/FASTQ/*/*/SCGPM_WZ08-P12_*_CGGCTATG_R2.fastq.gz,2,26,#N/A,CGGCTATG,ZOZOW1T,ZOZOW1T-26,531,echo '/srv/gsfs0/projects/iPoP/RNAseq/FASTQ/*/*/SCGPM_WZ08-P12_*_CGGCTATG_R2.fastq.gz|' ; find /srv/gsfs0/projects/iPoP/RNAseq/FASTQ/*/*/SCGPM_WZ08-P12_*_CGGCTATG_R2.fastq.gz -print,ZOZOW1T-347_26_531,ZOZOW1T-26-Plasma,ZOZOW1T-26-Plasma.hostseqprep,ZOZOW1T-26-CGGCTATG-R2-Plasma,/srv/gsfs0/projects/iPoP/RNAseq/FASTQ/*/*/SCGPM_WZ08-P12_*_CGGCTATG_R2.fastq.gz,sha256sum /srv/gsfs0/projects/iPoP/RNAseq/FASTQ/*/*/SCGPM_WZ08-P12_*_CGGCTATG_R2.fastq.gz,88af6472fb03642dd5eaf8cddcee7ed1,#N/A,SCGPM_WZ08-P12_*_CGGCTATG_R2.fastq.gz,2113544,echo '/srv/gsfs0/projects/iPoP/RNAseq/FASTQ/*/*/SCGPM_WZ08-P12_*_CGGCTATG_R2.fastq.gz|' ; find /srv/gsfs0/projects/iPoP/RNAseq/FASTQ/*/*/SCGPM_WZ08-P12_*_CGGCTATG_R2.fastq.gz -print,3bfe20f47e8d57b71a8a7abb38bc8f653c1005541ba6fbee5f8dd38dde1b91c4,1bd12c5b44a1793786a86f7a1eb4dcbc,echo '/srv/gsfs0/projects/iPoP/RNAseq/FASTQ/*/*/SCGPM_WZ08-P12_*_CGGCTATG_R2.fastq.gz|' ; find /srv/gsfs0/projects/iPoP/RNAseq/FASTQ/*/*/SCGPM_WZ08-P12_*_CGGCTATG_R2.fastq.gz -print,/srv/gsfs0/projects/iPoP/RNAseq/FASTQ/WZ08/P12/SCGPM_WZ08-P12_CAP8P_L6_CGGCTATG_R2.fastq.gz,blood,FMA:7842
echo '/srv/gsfs0/projects/iPoP/RNAseq/FASTQ/*/*/SCGPM_WZ08-P12_*_CGGCTATG_R1.fastq.gz|' ; find /srv/gsfs0/projects/iPoP/RNAseq/FASTQ/*/*/SCGPM_WZ08-P12_*_CGGCTATG_R1.fastq.gz -print,69-001,69-001-26,/srv/gsfs0/projects/iPoP/RNAseq/FASTQ/*/*/SCGPM_WZ08-P12_*_CGGCTATG_R1.fastq.gz,1,26,#N/A,CGGCTATG,ZOZOW1T,ZOZOW1T-26,531,echo '/srv/gsfs0/projects/iPoP/RNAseq/FASTQ/*/*/SCGPM_WZ08-P12_*_CGGCTATG_R1.fastq.gz|' ; find /srv/gsfs0/projects/iPoP/RNAseq/FASTQ/*/*/SCGPM_WZ08-P12_*_CGGCTATG_R1.fastq.gz -print,ZOZOW1T-347_26_531,ZOZOW1T-26-Plasma,ZOZOW1T-26-Plasma.hostseqprep,ZOZOW1T-26-CGGCTATG-R1-Plasma,/srv/gsfs0/projects/iPoP/RNAseq/FASTQ/*/*/SCGPM_WZ08-P12_*_CGGCTATG_R1.fastq.gz,sha256sum /srv/gsfs0/projects/iPoP/RNAseq/FASTQ/*/*/SCGPM_WZ08-P12_*_CGGCTATG_R1.fastq.gz,88af6472fb03642dd5eaf8cddcee7ed1,#N/A,SCGPM_WZ08-P12_*_CGGCTATG_R1.fastq.gz,2041560,echo '/srv/gsfs0/projects/iPoP/RNAseq/FASTQ/*/*/SCGPM_WZ08-P12_*_CGGCTATG_R1.fastq.gz|' ; find /srv/gsfs0/projects/iPoP/RNAseq/FASTQ/*/*/SCGPM_WZ08-P12_*_CGGCTATG_R1.fastq.gz -print,6f7c5ad0c7647e058c3921d1a83a348114d5c2006a30f917e6735a8d64a1fcac,26a40a2ebebd00761e27e3465dc27f58,echo '/srv/gsfs0/projects/iPoP/RNAseq/FASTQ/*/*/SCGPM_WZ08-P12_*_CGGCTATG_R1.fastq.gz|' ; find /srv/gsfs0/projects/iPoP/RNAseq/FASTQ/*/*/SCGPM_WZ08-P12_*_CGGCTATG_R1.fastq.gz -print,/srv/gsfs0/projects/iPoP/RNAseq/FASTQ/WZ08/P12/SCGPM_WZ08-P12_CAP8P_L6_CGGCTATG_R1.fastq.gz,blood,FMA:7842
echo '/srv/gsfs0/projects/iPoP/RNAseq/FASTQ/*/*/SCGPM_WZ08-P8_*_TCCGGAGA_R2.fastq.gz|' ; find /srv/gsfs0/projects/iPoP/RNAseq/FASTQ/*/*/SCGPM_WZ08-P8_*_TCCGGAGA_R2.fastq.gz -print,69-001,69-001-47,/srv/gsfs0/projects/iPoP/RNAseq/FASTQ/*/*/SCGPM_WZ08-P8_*_TCCGGAGA_R2.fastq.gz,2,47,#N/A,TCCGGAGA,ZOZOW1T,ZOZOW1T-47,821,echo '/srv/gsfs0/projects/iPoP/RNAseq/FASTQ/*/*/SCGPM_WZ08-P8_*_TCCGGAGA_R2.fastq.gz|' ; find /srv/gsfs0/projects/iPoP/RNAseq/FASTQ/*/*/SCGPM_WZ08-P8_*_TCCGGAGA_R2.fastq.gz -print,ZOZOW1T-6012.1_47_821,ZOZOW1T-47-Plasma,ZOZOW1T-47-Plasma.hostseqprep,ZOZOW1T-47-TCCGGAGA-R2-Plasma,/srv/gsfs0/projects/iPoP/RNAseq/FASTQ/*/*/SCGPM_WZ08-P8_*_TCCGGAGA_R2.fastq.gz,sha256sum /srv/gsfs0/projects/iPoP/RNAseq/FASTQ/*/*/SCGPM_WZ08-P8_*_TCCGGAGA_R2.fastq.gz,88af6472fb03642dd5eaf8cddcf55c49,#N/A,SCGPM_WZ08-P8_*_TCCGGAGA_R2.fastq.gz,1907272,echo '/srv/gsfs0/projects/iPoP/RNAseq/FASTQ/*/*/SCGPM_WZ08-P8_*_TCCGGAGA_R2.fastq.gz|' ; find /srv/gsfs0/projects/iPoP/RNAseq/FASTQ/*/*/SCGPM_WZ08-P8_*_TCCGGAGA_R2.fastq.gz -print,0e51f1ed39ac07fbccd5cb597861d501795202caa613290b31b31a5def3a7e71,f2e0c69984991a1799549afc3837f99b,echo '/srv/gsfs0/projects/iPoP/RNAseq/FASTQ/*/*/SCGPM_WZ08-P8_*_TCCGGAGA_R2.fastq.gz|' ; find /srv/gsfs0/projects/iPoP/RNAseq/FASTQ/*/*/SCGPM_WZ08-P8_*_TCCGGAGA_R2.fastq.gz -print,/srv/gsfs0/projects/iPoP/RNAseq/FASTQ/WZ08/P8/SCGPM_WZ08-P8_CAWN7_L7_TCCGGAGA_R2.fastq.gz,blood,FMA:7842
echo '/srv/gsfs0/projects/iPoP/RNAseq/FASTQ/WZ02/*/SCGPM_WZ02-P8_*_ATTACTCG_R2.fastq.gz|' ; find /srv/gsfs0/projects/iPoP/RNAseq/FASTQ/WZ02/*/SCGPM_WZ02-P8_*_ATTACTCG_R2.fastq.gz -print,69-086,69-086-06,/srv/gsfs0/projects/iPoP/RNAseq/FASTQ/WZ02/*/SCGPM_WZ02-P8_*_ATTACTCG_R2.fastq.gz,2,6,#N/A,ATTACTCG,ZTLUDS8,ZTLUDS8-06,182,echo '/srv/gsfs0/projects/iPoP/RNAseq/FASTQ/WZ02/*/SCGPM_WZ02-P8_*_ATTACTCG_R2.fastq.gz|' ; find /srv/gsfs0/projects/iPoP/RNAseq/FASTQ/WZ02/*/SCGPM_WZ02-P8_*_ATTACTCG_R2.fastq.gz -print,ZTLUDS8-09_6_182,ZTLUDS8-06-Plasma,ZTLUDS8-06-Plasma.hostseqprep,ZTLUDS8-06-ATTACTCG-R2-Plasma,/srv/gsfs0/projects/iPoP/RNAseq/FASTQ/WZ02/*/SCGPM_WZ02-P8_*_ATTACTCG_R2.fastq.gz,sha256sum /srv/gsfs0/projects/iPoP/RNAseq/FASTQ/WZ02/*/SCGPM_WZ02-P8_*_ATTACTCG_R2.fastq.gz,932d8fbc70ae8f856028b3f67c34ccb6,#N/A,SCGPM_WZ02-P8_*_ATTACTCG_R2.fastq.gz,1878096,echo '/srv/gsfs0/projects/iPoP/RNAseq/FASTQ/WZ02/*/SCGPM_WZ02-P8_*_ATTACTCG_R2.fastq.gz|' ; find /srv/gsfs0/projects/iPoP/RNAseq/FASTQ/WZ02/*/SCGPM_WZ02-P8_*_ATTACTCG_R2.fastq.gz -print,3ffac3cb423febaca6e9bdb7debcf56d6f4ae30826e28b62bd72346f43afb5d1,ec92d6592742016ca10ec0155492c821,echo '/srv/gsfs0/projects/iPoP/RNAseq/FASTQ/WZ02/*/SCGPM_WZ02-P8_*_ATTACTCG_R2.fastq.gz|' ; find /srv/gsfs0/projects/iPoP/RNAseq/FASTQ/WZ02/*/SCGPM_WZ02-P8_*_ATTACTCG_R2.fastq.gz -print,/srv/gsfs0/projects/iPoP/RNAseq/FASTQ/WZ02/P8/SCGPM_WZ02-P8_C98HR_L5_ATTACTCG_R2.fastq.gz,blood,FMA:7842
echo '/srv/gsfs0/projects/iPoP/RNAseq/FASTQ/WZ02/*/SCGPM_WZ02-P8_*_ATTACTCG_R1.fastq.gz|' ; find /srv/gsfs0/projects/iPoP/RNAseq/FASTQ/WZ02/*/SCGPM_WZ02-P8_*_ATTACTCG_R1.fastq.gz -print,69-086,69-086-06,/srv/gsfs0/projects/iPoP/RNAseq/FASTQ/WZ02/*/SCGPM_WZ02-P8_*_ATTACTCG_R1.fastq.gz,1,6,#N/A,ATTACTCG,ZTLUDS8,ZTLUDS8-06,182,echo '/srv/gsfs0/projects/iPoP/RNAseq/FASTQ/WZ02/*/SCGPM_WZ02-P8_*_ATTACTCG_R1.fastq.gz|' ; find /srv/gsfs0/projects/iPoP/RNAseq/FASTQ/WZ02/*/SCGPM_WZ02-P8_*_ATTACTCG_R1.fastq.gz -print,ZTLUDS8-09_6_182,ZTLUDS8-06-Plasma,ZTLUDS8-06-Plasma.hostseqprep,ZTLUDS8-06-ATTACTCG-R1-Plasma,/srv/gsfs0/projects/iPoP/RNAseq/FASTQ/WZ02/*/SCGPM_WZ02-P8_*_ATTACTCG_R1.fastq.gz,sha256sum /srv/gsfs0/projects/iPoP/RNAseq/FASTQ/WZ02/*/SCGPM_WZ02-P8_*_ATTACTCG_R1.fastq.gz,932d8fbc70ae8f856028b3f67c34ccb6,#N/A,SCGPM_WZ02-P8_*_ATTACTCG_R1.fastq.gz,1835128,echo '/srv/gsfs0/projects/iPoP/RNAseq/FASTQ/WZ02/*/SCGPM_WZ02-P8_*_ATTACTCG_R1.fastq.gz|' ; find /srv/gsfs0/projects/iPoP/RNAseq/FASTQ/WZ02/*/SCGPM_WZ02-P8_*_ATTACTCG_R1.fastq.gz -print,c84d0358c837c09b606056d4c9ae3a9e23ba8866828c20b9bb8806d804bdd3b1,2287424e8c529f1fc36037146b5a3f5b,echo '/srv/gsfs0/projects/iPoP/RNAseq/FASTQ/WZ02/*/SCGPM_WZ02-P8_*_ATTACTCG_R1.fastq.gz|' ; find /srv/gsfs0/projects/iPoP/RNAseq/FASTQ/WZ02/*/SCGPM_WZ02-P8_*_ATTACTCG_R1.fastq.gz -print,/srv/gsfs0/projects/iPoP/RNAseq/FASTQ/WZ02/P8/SCGPM_WZ02-P8_C98HR_L5_ATTACTCG_R1.fastq.gz,blood,FMA:7842
echo '/srv/gsfs0/projects/iPoP/RNAseq/FASTQ/*/*/SCGPM_WZ08-P8_*_TCCGGAGA_R1.fastq.gz|' ; find /srv/gsfs0/projects/iPoP/RNAseq/FASTQ/*/*/SCGPM_WZ08-P8_*_TCCGGAGA_R1.fastq.gz -print,69-001,69-001-47,/srv/gsfs0/projects/iPoP/RNAseq/FASTQ/*/*/SCGPM_WZ08-P8_*_TCCGGAGA_R1.fastq.gz,1,47,#N/A,TCCGGAGA,ZOZOW1T,ZOZOW1T-47,821,echo '/srv/gsfs0/projects/iPoP/RNAseq/FASTQ/*/*/SCGPM_WZ08-P8_*_TCCGGAGA_R1.fastq.gz|' ; find /srv/gsfs0/projects/iPoP/RNAseq/FASTQ/*/*/SCGPM_WZ08-P8_*_TCCGGAGA_R1.fastq.gz -print,ZOZOW1T-6012.1_47_821,ZOZOW1T-47-Plasma,ZOZOW1T-47-Plasma.hostseqprep,ZOZOW1T-47-TCCGGAGA-R1-Plasma,/srv/gsfs0/projects/iPoP/RNAseq/FASTQ/*/*/SCGPM_WZ08-P8_*_TCCGGAGA_R1.fastq.gz,sha256sum /srv/gsfs0/projects/iPoP/RNAseq/FASTQ/*/*/SCGPM_WZ08-P8_*_TCCGGAGA_R1.fastq.gz,88af6472fb03642dd5eaf8cddcf55c49,#N/A,SCGPM_WZ08-P8_*_TCCGGAGA_R1.fastq.gz,1817744,echo '/srv/gsfs0/projects/iPoP/RNAseq/FASTQ/*/*/SCGPM_WZ08-P8_*_TCCGGAGA_R1.fastq.gz|' ; find /srv/gsfs0/projects/iPoP/RNAseq/FASTQ/*/*/SCGPM_WZ08-P8_*_TCCGGAGA_R1.fastq.gz -print,ae7520b85328e2b9a0182fa3cdee817b8ea76ec07f4f17ccd66f8a66ea0dafde,ca8cb5042f970c6789b631724ce47810,echo '/srv/gsfs0/projects/iPoP/RNAseq/FASTQ/*/*/SCGPM_WZ08-P8_*_TCCGGAGA_R1.fastq.gz|' ; find /srv/gsfs0/projects/iPoP/RNAseq/FASTQ/*/*/SCGPM_WZ08-P8_*_TCCGGAGA_R1.fastq.gz -print,/srv/gsfs0/projects/iPoP/RNAseq/FASTQ/WZ08/P8/SCGPM_WZ08-P8_CAWN7_L7_TCCGGAGA_R1.fastq.gz,blood,FMA:7842
echo '/srv/gsfs0/projects/iPoP/RNAseq/FASTQ/WZ03/P*/SCGPM_WZ03-P16_*_TCTCGCGC_R2.fastq.gz|' ; find /srv/gsfs0/projects/iPoP/RNAseq/FASTQ/WZ03/P*/SCGPM_WZ03-P16_*_TCTCGCGC_R2.fastq.gz -print,69-051,69-051-03,/srv/gsfs0/projects/iPoP/RNAseq/FASTQ/WZ03/P*/SCGPM_WZ03-P16_*_TCTCGCGC_R2.fastq.gz,2,3,M2,TCTCGCGC,ZXKBAO5,ZXKBAO5-03,364,echo '/srv/gsfs0/projects/iPoP/RNAseq/FASTQ/WZ03/P*/SCGPM_WZ03-P16_*_TCTCGCGC_R2.fastq.gz|' ; find /srv/gsfs0/projects/iPoP/RNAseq/FASTQ/WZ03/P*/SCGPM_WZ03-P16_*_TCTCGCGC_R2.fastq.gz -print,ZXKBAO5-04_3_364,ZXKBAO5-03-M2-Plasma,ZXKBAO5-03-M2-Plasma.hostseqprep,ZXKBAO5-03-TCTCGCGC-R2-Plasma,/srv/gsfs0/projects/iPoP/RNAseq/FASTQ/WZ03/P*/SCGPM_WZ03-P16_*_TCTCGCGC_R2.fastq.gz,sha256sum /srv/gsfs0/projects/iPoP/RNAseq/FASTQ/WZ03/P*/SCGPM_WZ03-P16_*_TCTCGCGC_R2.fastq.gz,88af6472fb03642dd5eaf8cddcf917cb,#N/A,SCGPM_WZ03-P16_*_TCTCGCGC_R2.fastq.gz,5213376,echo '/srv/gsfs0/projects/iPoP/RNAseq/FASTQ/WZ03/P*/SCGPM_WZ03-P16_*_TCTCGCGC_R2.fastq.gz|' ; find /srv/gsfs0/projects/iPoP/RNAseq/FASTQ/WZ03/P*/SCGPM_WZ03-P16_*_TCTCGCGC_R2.fastq.gz -print,ab406e6fd085a5c5f904fc667b9526347451650439d8a3f8b41db20d60ba84c3,ec325586f6ae6d4ab3f730862dd424bf,echo '/srv/gsfs0/projects/iPoP/RNAseq/FASTQ/WZ03/P*/SCGPM_WZ03-P16_*_TCTCGCGC_R2.fastq.gz|' ; find /srv/gsfs0/projects/iPoP/RNAseq/FASTQ/WZ03/P*/SCGPM_WZ03-P16_*_TCTCGCGC_R2.fastq.gz -print,/srv/gsfs0/projects/iPoP/RNAseq/FASTQ/WZ03/P16/SCGPM_WZ03-P16_C995J_L6_TCTCGCGC_R2.fastq.gz,blood,FMA:7842
